-- phpMyAdmin SQL Dump
-- version 4.2.7
-- http://www.phpmyadmin.net
--
-- Host: localhost:3306
-- Generation Time: May 07, 2017 at 08:33 PM
-- Server version: 5.5.41-log
-- PHP Version: 7.0.0

SET SQL_MODE = "NO_AUTO_VALUE_ON_ZERO";
SET time_zone = "+00:00";


/*!40101 SET @OLD_CHARACTER_SET_CLIENT=@@CHARACTER_SET_CLIENT */;
/*!40101 SET @OLD_CHARACTER_SET_RESULTS=@@CHARACTER_SET_RESULTS */;
/*!40101 SET @OLD_COLLATION_CONNECTION=@@COLLATION_CONNECTION */;
/*!40101 SET NAMES utf8 */;

--
-- Database: `mydb`
--

-- --------------------------------------------------------

--
-- Table structure for table `courseinfo`
--

CREATE TABLE IF NOT EXISTS `courseinfo` (
  `codeCourses` varchar(45) NOT NULL,
  `term` varchar(45) DEFAULT NULL,
  `titleCourses` varchar(100) NOT NULL,
  `crn` int(11) NOT NULL,
  `hours` int(11) NOT NULL,
  `days` varchar(45) NOT NULL,
  `startTime` varchar(45) NOT NULL,
  `endTime` varchar(45) NOT NULL,
  `location` varchar(45) NOT NULL,
  `lmt` int(11) NOT NULL,
  `enr` int(11) NOT NULL,
  `wlCap` int(11) NOT NULL,
  `wlAct` int(11) NOT NULL,
  `idCourse` int(11) NOT NULL,
  `idDepartments` int(11) NOT NULL
) ENGINE=InnoDB DEFAULT CHARSET=utf8;

--
-- Dumping data for table `courseinfo`
--

INSERT INTO `courseinfo` (`codeCourses`, `term`, `titleCourses`, `crn`, `hours`, `days`, `startTime`, `endTime`, `location`, `lmt`, `enr`, `wlCap`, `wlAct`, `idCourse`, `idDepartments`) VALUES
('ACCT215.003', '', '''Principles of Accounting I''', 10002, 3, 'MW', '15:30', '16:45', 'OWE 302A', 22, 17, 0, 0, 3, 1),
('ACCT215.004', '', '''Principles of Accounting I''', 10003, 3, 'M', '19:00', '21:30', 'OWE 250', 22, 9, 0, 0, 4, 1),
('ACCT215.001', '', '''Principles of Accounting I''', 10004, 3, 'MW', '11:00', '12:15', 'OWE 229', 22, 22, 0, 0, 1, 1),
('ACCT215.002', '', '''Principles of Accounting I''', 10005, 3, 'MW', '12:30', '13:45', 'OWE 302A', 22, 22, 0, 0, 2, 1),
('ACCT216.001', '', '''Principles of Accounting II''', 10006, 3, 'TR', '9:55', '11:10', 'OWE 250', 22, 15, 0, 0, 5, 1),
('MATH155.002', '', '''Nature of Mathematics''', 10007, 4, 'T', '8:00', '9:40', 'RRO 213', 32, 21, 0, 0, 847, 846),
('MATH155.0L2', '', '''Lab for MATH 155.002''', 10008, 0, 'R', '8:00', '9:40', 'RRO 213', 32, 21, 0, 0, 848, 846),
('MATH167.001', '', '''Precalculus''', 10011, 4, 'MW', '9:30', '10:45', 'RRO 213', 32, 25, 0, 0, 849, 846),
('MATH167.0L1', '', '''Lab for MATH 167.001''', 10012, 0, 'F', '9:30', '10:45', 'RRO 213', 32, 25, 0, 0, 850, 846),
('MATH167.002', '', '''Precalculus''', 10013, 4, 'MW', '12:30', '13:45', 'RRO 213', 32, 27, 0, 0, 851, 846),
('MATH167.0L2', '', '''Lab for MATH 167.002''', 10014, 0, 'F', '12:30', '13:45', 'RRO 213', 32, 27, 0, 0, 852, 846),
('MATH167.003', '', '''Precalculus''', 10015, 4, 'T', '13:20', '15:00', 'RRO 213', 32, 29, 0, 0, 853, 846),
('MATH167.0L3', '', '''Lab for MATH 167.003''', 10016, 0, 'R', '13:20', '15:00', 'RRO 213', 32, 29, 0, 0, 854, 846),
('MATH191.001', '', '''Calculus I''', 10017, 4, 'MW', '9:30', '10:45', 'RRO 210', 32, 33, 0, 0, 855, 846),
('MATH191.0L1', '', '''Lab for MATH 191.001''', 10018, 0, 'F', '9:30', '10:45', 'RRO 210', 32, 33, 0, 0, 856, 846),
('MATH191.002', '', '''Calculus I''', 10019, 4, 'MW', '12:30', '13:45', 'RRO 210', 32, 33, 0, 0, 857, 846),
('MATH191.0L2', '', '''Lab for MATH 191.002''', 10020, 0, 'F', '12:30', '13:45', 'RRO 210', 32, 33, 0, 0, 858, 846),
('MATH191.003', '', '''Calculus I''', 10021, 4, 'T', '9:55', '11:35', 'RRO 210', 32, 34, 0, 0, 859, 846),
('MATH191.0L3', '', '''Lab for MATH 191.003''', 10022, 0, 'R', '9:55', '11:35', 'RRO 210', 32, 34, 0, 0, 860, 846),
('MATH191.004', '', '''Calculus I''', 10023, 4, 'T', '15:15', '16:55', 'RRO 210', 32, 32, 0, 0, 861, 846),
('MATH191.0L4', '', '''Lab for MATH 191.004''', 10024, 0, 'R', '15:15', '16:55', 'RRO 210', 32, 32, 0, 0, 862, 846),
('MATH192.001', '', '''Calculus II''', 10025, 4, 'MW', '8:00', '9:15', 'RRO 210', 32, 31, 0, 0, 863, 846),
('MATH192.0L1', '', '''Lab for MATH 192.001''', 10026, 0, 'F', '8:00', '9:15', 'RRO 210', 32, 31, 0, 0, 864, 846),
('MATH192.002', '', '''Calculus II''', 10027, 4, 'MW', '15:30', '16:45', 'RRO 210', 32, 13, 0, 0, 865, 846),
('MATH192.0L2', '', '''Lab for MATH 192.002''', 10028, 0, 'F', '15:30', '16:45', 'RRO 210', 32, 13, 0, 0, 866, 846),
('MATH192.003', '', '''Calculus II''', 10029, 4, 'MW', '11:00', '12:15', 'RRO 210', 32, 28, 0, 0, 867, 846),
('MATH192.0L3', '', '''Lab for MATH 192.003''', 10030, 0, 'F', '11:00', '12:15', 'RRO 210', 32, 28, 0, 0, 868, 846),
('MATH291.001', '', '''Calculus III''', 10031, 4, 'M', '15:30', '17:10', 'RRO 212', 32, 22, 0, 0, 874, 846),
('MATH291.0L1', '', '''Lab for MATH 291.001''', 10032, 0, 'W', '15:30', '17:10', 'RRO 212', 32, 22, 0, 0, 875, 846),
('MATH291.002', '', '''Calculus III''', 10033, 4, 'T', '13:20', '15:00', 'RRO 210', 32, 35, 0, 0, 876, 846),
('MATH291.0L2', '', '''Lab for MATH 291.002''', 10034, 0, 'R', '13:20', '15:00', 'RRO 210', 32, 35, 0, 0, 877, 846),
('STAT185.001', '', '''Introductory Statistics''', 10035, 4, 'MW', '8:00', '9:15', 'RRO 211', 32, 14, 0, 0, 1329, 1330),
('STAT185.0L1', '', '''Lab for STAT 185.001''', 10036, 0, 'F', '8:00', '9:15', 'RRO 211', 32, 14, 0, 0, 1330, 1330),
('STAT185.002', '', '''Introductory Statistics''', 10037, 4, 'MW', '9:30', '10:45', 'RRO 211', 32, 33, 0, 0, 1331, 1330),
('STAT185.0L2', '', '''Lab for STAT 185.002''', 10038, 0, 'F', '9:30', '10:45', 'RRO 211', 32, 33, 0, 0, 1332, 1330),
('STAT185.003', '', '''Introductory Statistics''', 10039, 4, 'MW', '11:00', '12:15', 'RRO 211', 32, 31, 0, 0, 1333, 1330),
('STAT185.0L3', '', '''Lab for STAT 185.003''', 10040, 0, 'F', '11:00', '12:15', 'RRO 211', 32, 31, 0, 0, 1334, 1330),
('MATH280.001', '', '''Intro to Foundations of Math''', 10041, 3, 'MW', '14:00', '15:15', 'RRO 212', 25, 21, 0, 0, 873, 846),
('MATH365.001', '', '''Linear Algebra I''', 10042, 3, 'MW', '8:00', '9:15', 'RRO 212', 30, 25, 0, 0, 878, 846),
('MATH394.001', '', '''Differential Equations''', 10043, 3, 'TR', '8:15', '9:30', 'RRO 212', 30, 30, 0, 0, 884, 846),
('MATH480.001', '', '''Mathematics Seminar''', 10044, 2, 'T', '15:15', '16:55', 'RRO 212', 15, 11, 0, 0, 889, 846),
('STAT185.004', '', '''Introductory Statistics''', 10045, 4, 'MW', '12:30', '13:45', 'RRO 211', 32, 32, 0, 0, 1335, 1330),
('STAT185.0L4', '', '''Lab for STAT 185.004''', 10046, 0, 'F', '12:30', '13:45', 'RRO 211', 32, 32, 0, 0, 1336, 1330),
('STAT185.005', '', '''Introductory Statistics''', 10047, 4, 'MW', '14:00', '15:15', 'RRO 211', 32, 32, 0, 0, 1337, 1330),
('STAT185.0L5', '', '''Lab for STAT 185.005''', 10048, 0, 'F', '14:00', '15:15', 'RRO 211', 32, 32, 0, 0, 1338, 1330),
('STAT185.007', '', '''Introductory Statistics''', 10051, 4, 'T', '8:00', '9:40', 'RRO 211', 32, 7, 0, 0, 1339, 1330),
('STAT185.0L7', '', '''Lab for STAT 185.007''', 10052, 0, 'R', '8:00', '9:40', 'RRO 211', 32, 7, 0, 0, 1340, 1330),
('STAT185.008', '', '''Introductory Statistics''', 10053, 4, 'T', '17:10', '18:50', 'RRO 211', 32, 26, 0, 0, 1341, 1330),
('STAT185.0L8', '', '''Lab for STAT 185.008''', 10054, 0, 'R', '17:10', '18:50', 'RRO 211', 32, 26, 0, 0, 1342, 1330),
('STAT225.001', '', '''Calculus-Based Statistics''', 10055, 4, 'T', '9:55', '11:35', 'RRO 211', 32, 29, 0, 0, 1343, 1330),
('STAT225.0L1', '', '''Lab for STAT 225.001''', 10056, 0, 'R', '9:55', '11:35', 'RRO 211', 32, 29, 0, 0, 1344, 1330),
('PHYS131.001', '', '''Introductory Physics I''', 10057, 4, 'TR', '9:55', '11:35', 'RRO 125', 48, 50, 0, 0, 1153, 1148),
('PHYS131.0L1', '', '''Introductory Physics I Lab''', 10058, 0, 'W', '12:30', '15:00', 'RRO 123', 24, 26, 0, 0, 1154, 1148),
('PHYS221001', '', '''Physics I''', 10059, 4, 'MWF', '12:30', '13:45', 'RRO 125', 50, 50, 0, 0, 1156, 1148),
('PHYS221.0L1', '', '''Physics I Lab''', 10060, 0, 'T', '9:00', '11:30', 'RRO 123', 26, 26, 0, 0, 1158, 1148),
('PHYS221.0L2', '', '''Physics I Lab''', 10061, 0, 'T', '13:20', '15:50', 'RRO 123', 24, 24, 0, 0, 1159, 1148),
('PHYS221.0L3', '', '''Physics I Lab''', 10062, 0, 'M', '12:30', '15:00', 'RRO 123', 24, 16, 0, 0, 1160, 1148),
('PHYS222.001', '', '''Physics II''', 10063, 4, 'MWF', '9:00', '9:50', 'RRO 125', 48, 32, 0, 0, 1162, 1148),
('PHYS222.0L1', '', '''Physics II Lab''', 10064, 0, 'M', '11:00', '13:30', 'RRO 111', 24, 24, 0, 0, 1163, 1148),
('PHYS222.0L2', '', '''Physics II Lab''', 10065, 0, 'M', '13:45', '16:15', 'RRO 111', 24, 8, 0, 0, 1164, 1148),
('PHYS231.001', '', '''Introductory Physics II''', 10066, 4, 'TR', '13:20', '14:20', 'RRO 111', 24, 24, 0, 0, 1165, 1148),
('PHYS231.0L1', '', '''Introductory Physics II Lab''', 10067, 0, 'TR', '14:25', '15:55', 'RRO 111', 24, 24, 0, 0, 1166, 1148),
('ACCT216.002', '', '''Principles of Accounting II''', 10068, 3, 'MW', '9:30', '10:45', 'OWE 202', 22, 10, 0, 0, 6, 1),
('ACCT301.001', '', '''Intermediate Accounting I''', 10069, 3, 'TR', '13:20', '14:35', 'OWE 203', 20, 20, 0, 0, 8, 1),
('ACCT302.001', '', '''Intermediate Accounting II''', 10070, 3, 'TR', '9:55', '11:10', 'KAR 243', 20, 16, 0, 0, 9, 1),
('ACCT317.001', '', '''Cost Accounting''', 10071, 3, 'TR', '15:15', '16:30', 'OWE 202', 20, 13, 0, 0, 10, 1),
('ACCT320.001', '', '''Communications Lab''', 10072, 1, 'R', '17:00', '18:10', 'OWE 250', 20, 10, 0, 0, 11, 1),
('DRAM145001', '', '''Play Reading: Modern Award Winners''', 10073, 2, 'MW', '9:00', '9:50', 'WHI 110', 15, 14, 0, 0, 344, 339),
('DRAM213.001', '', '''Public Speaking/Presentations''', 10074, 3, 'M', '19:00', '21:30', 'WHI 012', 16, 14, 0, 0, 354, 339),
('DRAM425001', '', '''Design Investigations: Design & Production for Film''', 10075, 3, 'TR', '9:55', '11:10', 'WHI 110', 10, 3, 0, 0, 359, 339),
('CLAS101.001', '', '''Latin I''', 10076, 4, 'MWF', '9:30', '10:45', 'WHI 111', 20, 18, 0, 0, 290, 291),
('PSYC100.001', '', '''Introductory Psychology''', 10078, 3, 'MW', '8:00', '9:15', 'CAR 230', 40, 36, 0, 0, 1200, 1201),
('PSYC100.003', '', '''Introductory Psychology''', 10079, 3, 'WF', '12:30', '13:45', 'CAR 231', 40, 37, 0, 0, 1202, 1201),
('PSYC100.002', '', '''Introductory Psychology''', 10080, 3, 'MW', '9:30', '10:45', 'CAR 230', 40, 39, 0, 0, 1201, 1201),
('PSYC200.001', '', '''Social Psychology''', 10081, 3, 'MW', '12:30', '13:45', 'CAR 242', 25, 25, 0, 0, 1203, 1201),
('PSYC200.002', '', '''Social Psychology''', 10082, 3, 'MW', '14:00', '15:15', 'CAR 242', 25, 26, 0, 0, 1204, 1201),
('PSYC201.001', '', '''Research Methods I''', 10083, 3, 'WF', '14:00', '15:15', 'CAR 208', 20, 20, 0, 0, 1205, 1201),
('PSYC201.002', '', '''Research Methods I''', 10084, 3, 'MW', '12:30', '13:45', 'CAR 230', 20, 21, 0, 0, 1206, 1201),
('PSYC201.003', '', '''Research Methods I''', 10085, 3, 'MW', '14:00', '15:15', 'CAR 230', 20, 21, 0, 0, 1207, 1201),
('PSYC201.004', '', '''Research Methods I''', 10086, 3, 'MW', '15:30', '16:45', 'CAR 230', 20, 21, 0, 0, 1208, 1201),
('PSYC202.001', '', '''Research Methods II''', 10087, 3, 'TR', '8:15', '9:30', 'CAR 232', 20, 19, 0, 0, 1209, 1201),
('PSYC202.002', '', '''Research Methods II''', 10088, 3, 'MW', '8:00', '9:15', 'CAR 232', 20, 20, 0, 0, 1210, 1201),
('PSYC208.001', '', '''Abnormal Psychology''', 10089, 3, 'TR', '9:55', '11:10', 'CAR 208', 20, 22, 0, 0, 1211, 1201),
('PSYC214.001', '', '''DI:Developmental Psychology''', 10091, 3, 'WF', '14:00', '15:15', 'CAR 231', 25, 25, 0, 0, 1212, 1201),
('PSYC214.002', '', '''DI:Developmental Psychology''', 10092, 3, 'WF', '15:30', '16:45', 'CAR 231', 25, 21, 0, 0, 1213, 1201),
('PSYC216001', '', '''Fundamentals of Neuroscience''', 10093, 3, 'TR', '8:15', '9:30', 'CAR 231', 15, 17, 0, 0, 1214, 1201),
('PSYC216002', '', '''Fundamentals of Neuroscience''', 10094, 3, 'TR', '9:55', '11:10', 'CAR 231', 15, 14, 0, 0, 1215, 1201),
('PSYC310.001', '', '''DI:Psychology of Adolescence''', 10095, 3, 'TR', '9:55', '11:10', 'CAR 230', 25, 22, 0, 0, 1218, 1201),
('PSYC312.001', '', '''DI:Psychology of Exceptional Children''', 10096, 3, 'TR', '8:15', '9:30', 'CAR 230', 25, 20, 0, 0, 1221, 1201),
('PSYC319.001', '', '''Educational Psychology''', 10097, 3, 'MW', '9:30', '10:45', 'CAR 208', 20, 20, 0, 0, 1222, 1201),
('PSYC319.002', '', '''Educational Psychology''', 10098, 3, 'MW', '11:00', '12:15', 'CAR 208', 20, 19, 0, 0, 1223, 1201),
('PSYC329.001', '', '''Cognitive Psychology''', 10099, 4, 'TR', '9:55', '11:10', 'CAR 242', 25, 12, 0, 0, 1228, 1201),
('PSYC329.0L1', '', '''Lab for PSYC 329.001''', 10100, 0, 'F', '10:00', '10:50', 'CAR 208', 25, 12, 0, 0, 1229, 1201),
('PSYC329.002', '', '''Cognitive Psychology''', 10101, 4, 'TR', '13:20', '14:35', 'CAR 230', 25, 14, 0, 0, 1230, 1201),
('PSYC329.0L2', '', '''Lab for PSYC 329.002''', 10102, 0, 'F', '11:00', '11:50', 'CAR 208', 25, 14, 0, 0, 1231, 1201),
('PSYC412003', '', '''Senior Seminar in Psych & Lab''', 10104, 4, 'TR', '9:55', '11:10', 'CAR 242B', 12, 9, 0, 0, 1245, 1201),
('PSYC412002', '', '''Senior Seminar in Psychology and Lab''', 10105, 4, 'MW', '12:30', '13:45', 'CAR 208', 12, 9, 0, 0, 1243, 1201),
('PSYC412002', '', '''Senior Seminar in Psychology and Lab''', 10105, 4, 'F', '12:30', '13:20', 'CAR 208', 12, 9, 0, 0, 1244, 1201),
('PSYC412004', '', '''Senior Seminar in Psychology''', 10107, 4, 'WF', '12:30', '13:45', 'CAR 242B', 12, 9, 0, 0, 1246, 1201),
('PSYC412.0L4', '', '''Lab for PSYC 412.004''', 10108, 0, 'W', '14:00', '14:50', 'CAR 242B', 12, 9, 0, 0, 1247, 1201),
('EDUC210.001', '', '''DI:Teach/Learn 21st Century, K-12''', 10109, 3, 'MW', '11:00', '12:15', 'ZAG 226', 22, 18, 0, 0, 414, 414),
('EDUC210.002', '', '''DI:Teach/Learn 21st Century, K-12''', 10110, 3, 'TR', '17:10', '18:25', 'ZAG 140', 22, 14, 0, 0, 415, 414),
('EDUC210.003', '', '''DI:Teach/Learn 21st Century, K-12''', 10111, 3, 'MW', '14:00', '15:15', 'ZAG 140', 22, 20, 0, 0, 416, 414),
('EDUC211.001', '', '''Instr Tech/Educ Settings, K-12''', 10112, 1, 'W', '12:30', '13:20', 'ZAG 101', 22, 20, 0, 0, 417, 414),
('EDUC211.003', '', '''Instr Tech/Educ Settings, K-12''', 10113, 1, 'T', '15:15', '16:05', 'ZAG 101', 22, 17, 0, 0, 418, 414),
('EDUC211.004', '', '''Instr Tech/Educ Settings, K-12''', 10114, 1, 'W', '15:30', '16:20', 'ZAG 101', 22, 17, 0, 0, 419, 414),
('EDUC219.001', '', '''Phys Activity/Hlthful Living''', 10115, 1, 'W', '15:30', '16:20', 'ZAG 226', 22, 20, 0, 0, 420, 414),
('EDUC314.001', '', '''SL:Multiple Literacies in Content Area Classrooms''', 10116, 3, 'MW', '8:00', '9:15', 'ZAG 226', 22, 12, 0, 0, 423, 414),
('EDUC317.001', '', '''Lang Arts Contemp Class, K-6''', 10117, 3, 'TR', '13:20', '14:35', 'ZAG 140', 22, 17, 0, 0, 425, 414),
('EDUC320.001', '', '''DI:SL:Middle School Principles, Practices and Materials''', 10118, 3, 'TR', '9:55', '11:10', 'ZAG 137', 22, 8, 0, 0, 426, 414),
('EDUC322.001', '', '''SL:Inquiry-Based Sci Instr, K6''', 10119, 3, 'MW', '9:30', '10:45', 'ZAG 226', 22, 14, 0, 0, 427, 414),
('EDUC340.001', '', '''Teach Math: Content/Process''', 10121, 3, 'TR', '15:15', '16:30', 'ZAG 140', 22, 12, 0, 0, 428, 414),
('EDUC346.001', '', '''DI:Teach Student w/ Diverse Needs''', 10123, 3, 'MW', '14:00', '15:15', 'ZAG 142', 30, 30, 0, 0, 429, 414),
('EDUC455.001', '', '''Student Teaching and Seminar''', 10126, 8, 'TBA', '8:00', '9:40', 'TBA', 18, 2, 0, 0, 437, 414),
('EDUC456.001', '', '''Teacher as 21st Century Pro''', 10127, 4, 'T', '17:10', '18:50', 'ZAG 226', 22, 6, 0, 0, 445, 414),
('EDUC456.0L1', '', '''Lab for EDUC 456.001''', 10128, 0, 'T', '19:00', '20:40', 'ZAG 226', 22, 6, 0, 0, 446, 414),
('ENVR105.001', '', '''Physical Geology''', 10129, 4, 'MWF', '10:00', '10:50', 'RRO 125', 40, 39, 0, 0, 455, 456),
('ENVR105.0L1', '', '''Physical Geology Lab''', 10130, 0, 'T', '9:20', '11:50', 'RRO 138', 20, 19, 0, 0, 456, 456),
('ENVR105.0L2', '', '''Physical Geology Lab''', 10131, 0, 'R', '9:20', '11:50', 'RRO 138', 20, 20, 0, 0, 457, 456),
('LANG120.001', '', '''Acad Writing/Critical Inquiry''', 10132, 4, 'MW', '8:00', '9:15', 'KAR 232', 18, 14, 0, 0, 771, 772),
('LANG120.0L1', '', '''Lab for LANG 120.001''', 10133, 0, 'F', '8:00', '9:15', 'KAR 232', 18, 14, 0, 0, 772, 772),
('LANG120.002', '', '''Acad Writing/Critical Inquiry''', 10134, 4, 'MW', '9:30', '10:45', 'KAR 206', 18, 19, 0, 0, 773, 772),
('LANG120.0L2', '', '''Lab for LANG 120.002''', 10135, 0, 'F', '9:30', '10:45', 'KAR 206', 18, 19, 0, 0, 774, 772),
('LANG120.003', '', '''Acad Writing/Critical Inquiry''', 10136, 4, 'MW', '9:30', '10:45', 'KAR 221', 18, 18, 0, 0, 775, 772),
('LANG120.0L3', '', '''Lab for LANG 120.003''', 10137, 0, 'F', '9:30', '10:45', 'KAR 221', 18, 18, 0, 0, 776, 772),
('LANG120004', '', '''SL: Acad Writing/Critical Inquiry''', 10138, 4, 'MW', '9:30', '10:45', 'KAR 232', 18, 18, 0, 0, 777, 772),
('LANG120.0L4', '', '''Lab for LANG 120.004''', 10139, 0, 'F', '9:30', '10:45', 'KAR 232', 18, 18, 0, 0, 778, 772),
('LANG120.005', '', '''Acad Writing/Critical Inquiry''', 10140, 4, 'T', '9:55', '11:35', 'KAR 232', 18, 18, 0, 0, 779, 772),
('LANG120.0L5', '', '''Lab for LANG 120.005''', 10141, 0, 'R', '9:55', '11:35', 'KAR 232', 18, 18, 0, 0, 780, 772),
('LANG120006', '', '''Acad Writing/Critical Inquiry''', 10142, 4, 'T', '9:55', '11:35', 'KAR 241', 18, 18, 0, 0, 781, 772),
('LANG120.0L6', '', '''Lab for LANG 120.006''', 10143, 0, 'R', '9:55', '11:35', 'KAR 241', 18, 18, 0, 0, 782, 772),
('LANG120.007', '', '''Acad Writing/Critical Inquiry''', 10144, 4, 'MW', '12:30', '13:45', 'KAR 221', 18, 18, 0, 0, 783, 772),
('LANG120.0L7', '', '''Lab for LANG 120.007''', 10145, 0, 'F', '12:30', '13:45', 'KAR 221', 18, 18, 0, 0, 784, 772),
('LANG120.008', '', '''Acad Writing/Critical Inquiry''', 10146, 4, 'MW', '12:30', '13:45', 'KAR 232', 18, 18, 0, 0, 785, 772),
('LANG120.0L8', '', '''Lab for LANG 120.008''', 10147, 0, 'F', '12:30', '13:45', 'KAR 232', 18, 18, 0, 0, 786, 772),
('LANG120009', '', '''Acad Writing/Critical Inquiry''', 10148, 4, 'T', '13:20', '15:00', 'KAR 206', 18, 19, 0, 0, 787, 772),
('LANG120.0L9', '', '''Lab for LANG 120.009''', 10149, 0, 'R', '13:20', '15:00', 'KAR 206', 18, 19, 0, 0, 788, 772),
('LANG120.010', '', '''Acad Writing/Critical Inquiry''', 10150, 4, 'T', '13:20', '15:00', 'KAR 241', 18, 18, 0, 0, 789, 772),
('LANG120.L10', '', '''Lab for LANG 120.010''', 10151, 0, 'R', '13:20', '15:00', 'KAR 241', 18, 18, 0, 0, 790, 772),
('LANG120.011', '', '''Acad Writing/Critical Inquiry''', 10152, 4, 'MW', '14:00', '15:15', 'KAR 232', 18, 17, 0, 0, 791, 772),
('LANG120.L11', '', '''Lab for LANG 120.011''', 10153, 0, 'F', '14:00', '15:15', 'KAR 232', 18, 17, 0, 0, 792, 772),
('LANG120.012', '', '''Acad Writing/Critical Inquiry''', 10154, 4, 'MW', '14:00', '15:15', 'KAR 241', 18, 18, 0, 0, 793, 772),
('LANG120.L12', '', '''Lab for LANG 120.012''', 10155, 0, 'F', '14:00', '15:15', 'KAR 241', 18, 18, 0, 0, 794, 772),
('LANG120013', '', '''Acad Writing/Critical Inquiry''', 10156, 4, 'MW', '14:00', '15:15', 'KAR 243', 18, 16, 0, 0, 795, 772),
('LANG120.L13', '', '''Lab for LANG 120.013''', 10157, 0, 'F', '14:00', '15:15', 'KAR 243', 18, 16, 0, 0, 796, 772),
('LANG120014', '', '''Acad Writing/Critical Inquiry''', 10158, 4, 'MW', '15:30', '16:45', 'KAR 245', 18, 18, 0, 0, 797, 772),
('LANG120.L14', '', '''Lab for LANG 120.014''', 10159, 0, 'F', '15:30', '16:45', 'KAR 245', 18, 18, 0, 0, 798, 772),
('LANG120.015', '', '''Acad Writing/Critical Inquiry''', 10160, 4, 'MW', '15:30', '16:45', 'KAR 241', 18, 16, 0, 0, 799, 772),
('LANG120.L15', '', '''Lab for LANG 120.015''', 10161, 0, 'F', '15:30', '16:45', 'KAR 241', 18, 16, 0, 0, 800, 772),
('LANG1200H1', '', '''HON:Acad Writing/Critical Inquiry''', 10162, 4, 'MW', '12:30', '13:45', 'KAR 243', 15, 13, 0, 0, 805, 772),
('LANG120.LH1', '', '''Lab for LANG 120.0H1''', 10163, 0, 'F', '12:30', '13:45', 'KAR 243', 15, 13, 0, 0, 806, 772),
('LANG260001', '', '''Intro to Creative Writing''', 10164, 4, 'TR', '9:55', '11:35', 'KAR 221', 20, 20, 0, 0, 808, 772),
('LANG260002', '', '''Intro to Creative Writing''', 10165, 4, 'MWF', '11:00', '12:15', 'KAR 206', 20, 20, 0, 0, 809, 772),
('LIT240.001', '', '''Introduction to Literature''', 10166, 4, 'TR', '8:00', '9:40', 'KAR 221', 20, 18, 0, 0, 816, 817),
('LIT240.002', '', '''Introduction to Literature''', 10167, 4, 'MWF', '12:30', '13:45', 'KAR 206', 20, 15, 0, 0, 817, 817),
('LIT240003', '', '''Introduction to Literature''', 10168, 4, 'MWF', '14:00', '15:15', 'KAR 221', 20, 10, 0, 0, 818, 817),
('LIT324001', '', '''American Literary Tradition''', 10169, 4, 'TR', '17:10', '18:50', 'KAR 241', 25, 16, 0, 0, 819, 817),
('LIT326001', '', '''Readings in Fiction''', 10170, 4, 'MWF', '9:30', '10:45', 'KAR 241', 25, 26, 0, 0, 820, 817),
('MCOM104.001', '', '''Media, Ethics and Society''', 10171, 4, 'MWF', '11:00', '12:15', 'KAR 012', 40, 30, 0, 0, 894, 895),
('MCOM104.002', '', '''Media, Ethics and Society''', 10172, 4, 'MWF', '14:00', '15:15', 'KAR 012', 40, 33, 0, 0, 895, 895),
('MCOM201.001', '', '''Basic Journalism''', 10173, 4, 'MW', '8:00', '9:15', 'KAR 316', 16, 6, 0, 0, 896, 895),
('MCOM201.0L1', '', '''Lab for MCOM 201.001''', 10174, 0, 'F', '8:00', '9:15', 'KAR 316', 16, 6, 0, 0, 897, 895),
('MCOM201.002', '', '''Basic Journalism''', 10175, 4, 'T', '9:55', '11:35', 'KAR 316', 16, 14, 0, 0, 898, 895),
('MCOM201.0L2', '', '''Lab for MCOM 201.002''', 10176, 0, 'R', '9:55', '11:35', 'KAR 316', 16, 14, 0, 0, 899, 895),
('MCOM201.003', '', '''Basic Journalism''', 10177, 4, 'MW', '12:30', '13:45', 'KAR 316', 16, 13, 0, 0, 900, 895),
('MCOM201.0L3', '', '''Lab for MCOM 201.003''', 10178, 0, 'F', '12:30', '13:45', 'KAR 316', 16, 13, 0, 0, 901, 895),
('MCOM352.001', '', '''Professional Internship''', 10179, 4, 'TR', '15:15', '16:55', 'KAR 012', 16, 12, 0, 0, 906, 895),
('MCOM490.001', '', '''Mass Comm Law and Ethics''', 10180, 4, 'MWF', '9:30', '10:45', 'KAR 012', 25, 22, 0, 0, 913, 895),
('MCOM492.001', '', '''Mass Comm Theories''', 10181, 4, 'TR', '8:00', '9:40', 'KAR 012', 35, 35, 0, 0, 914, 895),
('MCOM495001', '', '''Media Studies Seminar: Communication Research''', 10182, 4, 'TR', '13:20', '15:00', 'KAR 316', 10, 11, 0, 0, 915, 895),
('VMP205.001', '', '''Basic Video Production''', 10183, 4, 'MW', '9:30', '10:45', 'KAR 316', 16, 16, 0, 0, 1354, 1355),
('VMP205.0L1', '', '''Lab for VMP 205.001''', 10184, 0, 'F', '9:30', '10:45', 'KAR 316', 16, 16, 0, 0, 1355, 1355),
('VMP205.002', '', '''Basic Video Production''', 10185, 4, 'MW', '11:00', '12:15', 'KAR 316', 16, 16, 0, 0, 1356, 1355),
('VMP205.0L2', '', '''Lab for VMP 205.002''', 10186, 0, 'F', '11:00', '12:15', 'KAR 316', 16, 16, 0, 0, 1357, 1355),
('ARTS310001', '', '''ARTS: Art and Emotion''', 10187, 3, 'MW', '14:00', '15:15', 'SHE 407', 18, 17, 0, 0, 115, 115),
('ARTS310004', '', '''ARTS: Celtic Arts''', 10188, 3, 'T', '15:30', '18:00', 'WHI 012', 20, 20, 0, 0, 118, 115),
('ARTS310005', '', '''ARTS: Art of the Young Child''', 10189, 3, 'TR', '13:20', '14:35', 'ZAG 226', 25, 25, 0, 0, 119, 115),
('ARTS310006', '', '''ARTS: Art Making with the Land''', 10190, 3, 'T', '14:00', '16:30', 'CAR 104', 18, 18, 0, 0, 120, 115),
('ENG520.001', '', '''Discipline of I: Introduction to Creative Non-Fiction Writing Workshop''', 10192, 3, 'R', '18:00', '20:30', 'KAR 033', 10, 11, 0, 0, 451, 452),
('ENG520.001', '', '''Discipline of I: Introduction to Creative Non-Fiction Writing Workshop''', 10192, 3, 'R', '18:00', '20:30', 'KAR 033', 10, 11, 0, 0, 452, 452),
('MLAS540.001', '', '''The Role of Media and Public Opinion''', 10193, 3, 'W', '18:00', '20:30', 'KAR 033', 10, 7, 0, 0, 956, 955),
('ENVR130.001', '', '''Intro to Environmental Science''', 10194, 3, 'MWF', '8:00', '8:50', 'RRO 106', 35, 18, 0, 0, 459, 456),
('ENVR130.003', '', '''Intro to Environmental Science''', 10195, 3, 'MW', '14:00', '15:15', 'RRO 106', 35, 35, 0, 0, 461, 456),
('ENVR234.001', '', '''Energy and Society''', 10196, 3, 'MW', '12:30', '13:45', 'RRO 103', 30, 30, 0, 0, 464, 456),
('ENVR324001', '', '''DI: Environmental Ethics''', 10197, 3, 'TR', '8:15', '9:30', 'RRO 106', 20, 19, 0, 0, 469, 456),
('ENVR330.001', '', '''Seminar Environmental Issues''', 10198, 3, 'MWF', '10:00', '10:50', 'RRO 132', 15, 14, 0, 0, 470, 456),
('ENVR330.002', '', '''Seminar Environmental Issues''', 10199, 3, 'TR', '13:20', '14:35', 'RRO 132', 15, 16, 0, 0, 471, 456),
('ENVR334.001', '', '''Environmental Policy''', 10200, 3, 'TR', '13:20', '14:35', 'RRO 103', 20, 20, 0, 0, 474, 456),
('ENVR374001', '', '''ST: Invasive Plant Management''', 10201, 4, 'TR', '9:55', '11:10', 'RRO 131', 20, 16, 0, 0, 488, 456),
('ENVR374.0L1', '', '''Lab for ENVR 374.001''', 10202, 0, 'F', '12:30', '15:00', 'RRO 131', 20, 16, 0, 0, 489, 456),
('ENVR490.001', '', '''Internship''', 10203, 3, 'TR', '17:10', '18:00', 'RRO 106', 25, 20, 0, 0, 500, 456),
('MUSC101.001', '', '''Class Piano I''', 10204, 2, 'MW', '14:00', '14:50', 'LIP 013', 10, 14, 0, 0, 965, 966),
('MUSC121.001', '', '''ARTS:Concert Band''', 10205, 1, 'MW', '17:00', '18:40', 'LIP 125', 40, 30, 0, 0, 972, 966),
('MUSC122.001', '', '''ARTS:Jazz Band''', 10206, 1, 'MF', '15:30', '16:45', 'LIP 018', 25, 5, 0, 0, 973, 966),
('MUSC124.001', '', '''Symphony''', 10207, 1, 'W', '19:00', '20:30', 'LIP 125', 25, 11, 0, 0, 977, 966),
('MUSC128.001', '', '''ARTS:Percussion Ensemble''', 10208, 1, 'MW', '12:30', '13:45', 'LIP 018', 15, 9, 0, 0, 978, 966),
('MUSC129.001', '', '''ARTS: Jazz Ensemble''', 10209, 1, 'TBA', '12:30', '13:45', 'LIP ', 10, 5, 0, 0, 979, 966),
('MUSC129.002', '', '''ARTS: Jazz Ensemble''', 10210, 1, 'TBA', '12:30', '13:45', 'LIP ', 10, 5, 0, 0, 980, 966),
('MUSC129.003', '', '''ARTS: Jazz Ensemble''', 10211, 1, 'TBA', '12:30', '13:45', 'LIP ', 10, 4, 0, 0, 981, 966),
('MUSC129.004', '', '''ARTS:Jazz Ensemble''', 10212, 1, 'TBA', '12:30', '13:45', 'LIP ', 10, 4, 0, 0, 982, 966),
('MUSC390.001', '', '''Professional and Technical Internship''', 10213, 3, 'F', '15:30', '17:15', 'LIP ', 10, 0, 0, 0, 1054, 966),
('INTS201.001', '', '''Introduction to Global Studies''', 10216, 4, 'TR', '15:15', '16:55', 'WHI 117', 20, 11, 0, 0, 737, 738),
('ECON101.001', '', '''Principles of Macroeconomics''', 10218, 3, 'TR', '13:20', '14:35', 'KAR 033', 26, 25, 0, 0, 386, 387),
('ECON101.002', '', '''Principles of Macroeconomics''', 10219, 3, 'TR', '15:15', '16:30', 'KAR 033', 26, 26, 0, 0, 387, 387),
('ECON101.003', '', '''Principles of Macroeconomics''', 10220, 3, 'MW', '14:00', '15:15', 'KAR 033', 26, 25, 0, 0, 388, 387),
('ECON102.001', '', '''Principles of Microeconomics''', 10222, 3, 'TR', '13:20', '14:35', 'KAR 034', 26, 23, 0, 0, 389, 387),
('ECON102.002', '', '''Principles of Microeconomics''', 10223, 3, 'TR', '15:15', '16:30', 'KAR 034', 26, 26, 0, 0, 390, 387),
('ECON102.003', '', '''Principles of Microeconomics''', 10224, 3, 'WF', '8:00', '9:15', 'KAR 033', 26, 16, 0, 0, 391, 387),
('ECON102.004', '', '''Principles of Microeconomics''', 10225, 3, 'WF', '9:30', '10:45', 'KAR 033', 26, 25, 0, 0, 392, 387),
('ECON306.001', '', '''Managerial Finance''', 10226, 3, 'MW', '8:00', '9:15', 'KAR 034', 22, 24, 0, 0, 397, 387),
('ECON306.002', '', '''Managerial Finance''', 10227, 3, 'MW', '9:30', '10:45', 'KAR 034', 22, 25, 0, 0, 398, 387),
('ECON365.001', '', '''Econometrics''', 10229, 3, 'MW', '9:30', '10:45', 'KAR 035', 22, 16, 0, 0, 402, 387),
('ECON380.001', '', '''Approaches to Research in Econ''', 10230, 1, 'W', '15:30', '16:20', 'KAR 034', 15, 5, 0, 0, 405, 387),
('ECON450001', '', '''Seminar: Economics and Happiness''', 10231, 3, 'WF', '14:00', '15:15', 'KAR 150', 15, 14, 0, 0, 407, 387),
('ECON480.001', '', '''Senior Research in Economics''', 10232, 3, 'TR', '17:10', '18:25', 'KAR 150', 8, 7, 0, 0, 409, 387),
('ATMS103.001', '', '''Intro to Meteorology''', 10233, 3, 'TR', '9:55', '11:10', 'RRO 239', 20, 20, 0, 0, 146, 147),
('ATMS381.001', '', '''Cooperative Education''', 10234, 1, 'TBA', '19:00', '20:15', 'TBA', 15, 0, 0, 0, 158, 147),
('ATMS382.001', '', '''Cooperative Education''', 10235, 2, 'TBA', '19:00', '20:15', 'TBA', 15, 0, 0, 0, 159, 147),
('ATMS383.001', '', '''Cooperative Education''', 10236, 3, 'TBA', '19:00', '20:15', 'TBA', 15, 0, 0, 0, 160, 147),
('ATMS490.001', '', '''Professional and Tech Intern''', 10237, 6, 'TBA', '15:15', '16:30', 'TBA', 15, 0, 0, 0, 165, 147),
('ART133.001', '', '''Three-Dimensional Design''', 10238, 4, 'M', '12:30', '13:20', 'HLH 139', 16, 16, 0, 0, 56, 54),
('ART133.0L1', '', '''Lab for ART 133.001''', 10239, 0, 'MW', '14:00', '15:15', 'OWE 132', 16, 16, 0, 0, 57, 54),
('ART133.002', '', '''Three-Dimensional Design''', 10240, 4, 'M', '12:30', '13:20', 'HLH 139', 16, 13, 0, 0, 58, 54),
('ART133.0L2', '', '''Lab for ART 133.002''', 10241, 0, 'TR', '8:25', '9:40', 'OWE 132', 16, 13, 0, 0, 59, 54),
('ART133.003', '', '''Three-Dimensional Design''', 10242, 4, 'M', '12:30', '13:20', 'HLH 139', 16, 16, 0, 0, 60, 54),
('ART133.0L3', '', '''Lab for ART 133.003''', 10243, 0, 'TR', '10:20', '11:35', 'OWE 132', 16, 16, 0, 0, 61, 54),
('ART144.001', '', '''Foundation Drawing''', 10244, 4, 'TR', '9:55', '11:35', 'CAR 104', 15, 15, 0, 0, 62, 54),
('ART204.001', '', '''Drawing I''', 10245, 4, 'M', '17:10', '20:30', 'OWE 247', 16, 16, 0, 0, 64, 54),
('ART218.001', '', '''Painting I''', 10246, 4, 'R', '13:20', '16:40', 'OWE 247', 12, 11, 0, 0, 65, 54),
('ART234.001', '', '''ARTS:Ceramics I''', 10247, 4, 'TR', '9:55', '11:35', 'OWE 143', 14, 15, 0, 0, 66, 54),
('ART246.001', '', '''Sculpture I''', 10248, 4, 'MF', '9:00', '10:40', 'OWE 145', 12, 12, 0, 0, 67, 54),
('ART254.001', '', '''Printmaking I''', 10249, 4, 'TR', '8:30', '10:10', 'OWE 138', 12, 9, 0, 0, 68, 54),
('ART264.001', '', '''Photography I: Darkroom''', 10250, 4, 'W', '12:30', '15:50', 'OWE 102', 10, 10, 0, 0, 69, 54),
('ART304.001', '', '''Drawing II''', 10251, 4, 'T', '8:30', '11:50', 'OWE 247', 12, 7, 0, 0, 71, 54),
('ART305.001', '', '''Drawing III''', 10252, 4, 'M', '12:30', '15:50', 'OWE 247', 10, 1, 0, 0, 72, 54),
('ART318.001', '', '''Painting II''', 10253, 4, 'M', '13:25', '16:45', 'OWE 233', 12, 5, 0, 0, 73, 54),
('ART319.001', '', '''Painting III''', 10254, 4, 'T', '13:20', '16:40', 'OWE 233', 10, 11, 0, 0, 74, 54),
('ART334.001', '', '''Ceramics II''', 10255, 4, 'W', '12:30', '15:50', 'OWE 143', 10, 9, 0, 0, 75, 54),
('ART336.001', '', '''Ceramics III''', 10256, 4, 'M', '12:30', '15:50', 'OWE 143', 10, 5, 0, 0, 76, 54),
('ART346.001', '', '''Sculpture II''', 10257, 4, 'T', '13:20', '16:40', 'OWE 145', 12, 6, 0, 0, 77, 54),
('ART347.001', '', '''Sculpture III''', 10258, 4, 'R', '13:20', '16:40', 'OWE 145', 10, 4, 0, 0, 78, 54),
('ART354001', '', '''Printmaking II''', 10259, 4, 'TR', '10:15', '12:00', 'OWE 138', 8, 5, 0, 0, 79, 54),
('ART356001', '', '''Printmaking III''', 10260, 4, 'TR', '10:15', '12:00', 'OWE 138', 10, 3, 0, 0, 80, 54),
('ART364.001', '', '''Photography II''', 10261, 4, 'M', '12:30', '15:50', 'OWE 102', 12, 8, 0, 0, 81, 54),
('ART366.001', '', '''Photography III''', 10262, 4, 'M', '17:10', '20:30', 'OWE 102', 10, 6, 0, 0, 82, 54),
('ART404.001', '', '''Drawing IV''', 10263, 4, 'M', '12:30', '15:50', 'OWE 247', 10, 5, 0, 0, 86, 54),
('ART418.001', '', '''Painting IV''', 10264, 4, 'T', '13:20', '16:40', 'OWE 233', 10, 6, 0, 0, 87, 54),
('ART434.001', '', '''Ceramics IV''', 10265, 4, 'M', '12:30', '15:50', 'OWE 143', 10, 5, 0, 0, 88, 54),
('ART446.001', '', '''Sculpture IV''', 10266, 4, 'R', '13:20', '16:40', 'OWE 145', 10, 4, 0, 0, 89, 54),
('ART454001', '', '''Printmaking IV''', 10267, 4, 'TR', '10:15', '12:00', 'OWE 138', 10, 0, 0, 0, 91, 54),
('ART464.001', '', '''Photography IV''', 10268, 4, 'M', '17:10', '20:20', 'OWE 102', 6, 5, 0, 0, 92, 54),
('ART490.001', '', '''ARTS: Senior Exhibition I''', 10269, 4, 'W', '8:50', '9:40', 'OWE 102', 10, 5, 0, 0, 94, 54),
('ART490.0L1', '', '''Lab for ART 490.001''', 10270, 0, 'W', '9:45', '12:15', 'OWE 102', 10, 5, 0, 0, 95, 54),
('ART491.001', '', '''Senior Exhibition II''', 10273, 4, 'W', '8:50', '9:40', 'OWE 102', 10, 2, 0, 0, 96, 54),
('ART491.0L1', '', '''Lab for ART 491.001''', 10274, 0, 'W', '9:45', '12:15', 'OWE 102', 10, 2, 0, 0, 97, 54),
('ART492.001', '', '''Senior Exhibition III''', 10277, 4, 'W', '8:50', '9:40', 'OWE 102', 10, 3, 0, 0, 98, 54),
('ART492.0L1', '', '''Lab for ART 492.001''', 10278, 0, 'W', '9:45', '12:15', 'OWE 102', 10, 3, 0, 0, 99, 54),
('ARTH201.001', '', '''Introduction to Art History I''', 10281, 4, 'TR', '8:00', '9:40', 'OWE 237', 18, 18, 0, 0, 101, 102),
('ARTH202.001', '', '''Introduction to Art History II''', 10282, 4, 'MWF', '14:00', '15:15', 'OWE 237', 18, 18, 0, 0, 102, 102),
('ARTH484.001', '', '''Senior Research Seminar I''', 10283, 4, 'MWF', '14:00', '15:15', 'OWE 229', 10, 4, 0, 0, 112, 102),
('ENVR130.004', '', '''Intro to Environmental Science''', 10284, 3, 'TR', '9:55', '11:10', 'RRO 106', 35, 35, 0, 0, 462, 456),
('ART122.001', '', '''Two-Dimensional Design''', 10285, 4, 'W', '8:30', '11:50', 'CAR 104', 18, 18, 0, 0, 53, 54),
('ART122.002', '', '''Two-Dimensional Design:Digital''', 10287, 4, 'W', '13:20', '16:40', 'OWE 221', 17, 17, 0, 0, 54, 54),
('SPAN300.001', '', '''DI: SL: Oral Skills''', 10289, 4, 'MWF', '9:30', '10:45', 'KAR 243', 15, 15, 0, 0, 1319, 1297),
('SPAN310.001', '', '''Introduction to Literature and Composition''', 10290, 4, 'MWF', '12:30', '13:45', 'WHI 012', 15, 15, 0, 0, 1320, 1297),
('SPAN330.001', '', '''Spanish Civilization and Lit''', 10291, 4, 'MWF', '9:30', '10:45', 'KAR 244', 15, 12, 0, 0, 1321, 1297),
('CHEM111.001', '', '''General Chemistry Laboratory''', 10294, 1, 'M', '14:00', '14:50', 'ZEI 202', 22, 20, 0, 0, 222, 223),
('CHEM111.001', '', '''General Chemistry Laboratory''', 10294, 1, 'M', '15:00', '17:00', 'ZEI 124', 22, 20, 0, 0, 223, 223),
('CHEM111.002', '', '''General Chemistry Laboratory''', 10295, 1, 'T', '13:20', '14:10', 'ZEI 123', 22, 20, 0, 0, 224, 223),
('CHEM111.002', '', '''General Chemistry Laboratory''', 10295, 1, 'T', '14:20', '16:20', 'ZEI 124', 22, 20, 0, 0, 225, 223),
('CHEM111.003', '', '''General Chemistry Laboratory''', 10296, 1, 'R', '13:20', '14:10', 'ZEI 123', 22, 21, 0, 0, 226, 223),
('CHEM111.003', '', '''General Chemistry Laboratory''', 10296, 1, 'R', '14:20', '16:20', 'ZEI 124', 22, 21, 0, 0, 227, 223),
('CHEM111.004', '', '''General Chemistry Laboratory''', 10297, 1, 'T', '8:30', '9:20', 'ZEI 202', 22, 14, 0, 0, 228, 223),
('CHEM111.004', '', '''General Chemistry Laboratory''', 10297, 1, 'T', '9:30', '11:30', 'ZEI 124', 22, 14, 0, 0, 229, 223),
('CHEM111.005', '', '''General Chemistry Laboratory''', 10298, 1, 'R', '8:30', '9:20', 'ZEI 202', 22, 10, 0, 0, 230, 223),
('CHEM111.005', '', '''General Chemistry Laboratory''', 10298, 1, 'R', '9:30', '11:30', 'ZEI 124', 22, 10, 0, 0, 231, 223),
('CHEM111.006', '', '''General Chemistry Laboratory''', 10299, 1, 'T', '18:00', '18:50', 'ZEI 123', 22, 14, 0, 0, 232, 223),
('CHEM111.006', '', '''General Chemistry Laboratory''', 10299, 1, 'T', '19:00', '21:00', 'ZEI 124', 22, 14, 0, 0, 233, 223),
('CHEM111.007', '', '''General Chemistry Laboratory''', 10300, 1, 'R', '18:00', '18:50', 'ZEI 123', 22, 21, 0, 0, 234, 223),
('CHEM111.007', '', '''General Chemistry Laboratory''', 10300, 1, 'R', '19:00', '21:00', 'ZEI 124', 22, 21, 0, 0, 235, 223),
('CHEM132.001', '', '''General Chemistry''', 10301, 3, 'MWF', '9:00', '9:50', 'ZEI 014', 32, 30, 0, 0, 236, 223),
('CHEM132.001', '', '''General Chemistry''', 10301, 3, 'F', '15:30', '17:30', 'RRO 125', 32, 30, 0, 0, 237, 223),
('CHEM132.002', '', '''General Chemistry''', 10302, 3, 'MWF', '10:00', '10:50', 'ZEI 014', 32, 32, 0, 0, 238, 223),
('CHEM132.002', '', '''General Chemistry''', 10302, 3, 'F', '15:30', '17:30', 'RRO 125', 32, 32, 0, 0, 239, 223),
('CHEM132.003', '', '''General Chemistry''', 10303, 3, 'MWF', '11:00', '11:50', 'ZEI 014', 32, 32, 0, 0, 240, 223),
('CHEM132.003', '', '''General Chemistry''', 10303, 3, 'F', '15:30', '17:30', 'ZEI 202', 32, 32, 0, 0, 241, 223),
('CHEM132.004', '', '''General Chemistry''', 10304, 3, 'MWF', '12:30', '13:20', 'ZEI 014', 32, 30, 0, 0, 242, 223),
('CHEM132.004', '', '''General Chemistry''', 10304, 3, 'F', '15:30', '17:30', 'ZEI 014', 32, 30, 0, 0, 243, 223),
('CHEM145.0L1', '', '''Lab for CHEM 145.001''', 10305, 0, 'T', '13:20', '14:10', 'CAR 133', 24, 24, 0, 0, 248, 223),
('CHEM145.0L1', '', '''Lab for CHEM 145.001''', 10305, 0, 'T', '14:20', '16:20', 'ZEI 126', 24, 24, 0, 0, 249, 223),
('CHEM145.0L2', '', '''Lab for CHEM 145.002''', 10306, 0, 'R', '13:20', '14:10', 'CAR 133', 24, 23, 0, 0, 250, 223),
('CHEM145.0L2', '', '''Lab for CHEM 145.002''', 10306, 0, 'R', '14:20', '16:20', 'ZEI 126', 24, 23, 0, 0, 251, 223),
('CHEM145.0L3', '', '''Lab for CHEM 145.003''', 10307, 0, 'T', '18:00', '18:50', 'CAR 133', 24, 23, 0, 0, 252, 223),
('CHEM145.0L3', '', '''Lab for CHEM 145.003''', 10307, 0, 'T', '19:00', '21:00', 'ZEI 126', 24, 23, 0, 0, 253, 223),
('CHEM222.0L1', '', '''Organic Chemistry Laboratory''', 10308, 2, 'T', '13:20', '14:10', 'ZEI 202', 16, 16, 0, 0, 256, 223),
('CHEM222.0L1', '', '''Organic Chemistry Laboratory''', 10308, 2, 'T', '14:20', '19:20', 'ZEI 016', 16, 16, 0, 0, 257, 223),
('CHEM222.0L2', '', '''Organic Chemistry Laboratory''', 10309, 2, 'R', '13:20', '14:10', 'ZEI 202', 16, 11, 0, 0, 258, 223),
('CHEM222.0L2', '', '''Organic Chemistry Laboratory''', 10309, 2, 'R', '14:20', '19:20', 'ZEI 016', 16, 11, 0, 0, 259, 223),
('CHEM231.001', '', '''Organic Chemistry I''', 10310, 3, 'MWF', '8:00', '8:50', 'CAR 133', 30, 35, 0, 0, 263, 223),
('CHEM231.001', '', '''Organic Chemistry I''', 10310, 3, 'F', '15:30', '17:30', 'RRO 125', 30, 35, 0, 0, 264, 223),
('CHEM232.001', '', '''Organic Chemistry II''', 10311, 3, 'MWF', '12:30', '13:20', 'KAR 038', 40, 30, 0, 0, 269, 223),
('CHEM232.001', '', '''Organic Chemistry II''', 10311, 3, 'F', '15:30', '17:30', 'KAR 038', 40, 30, 0, 0, 270, 223),
('CHEM411.001', '', '''Lab Assistantship in Chem''', 10312, 1, 'F', '15:30', '16:45', 'ZEI 124', 10, 0, 0, 0, 281, 223),
('CHEM416.001', '', '''Chemical Research I''', 10313, 1, 'F', '15:30', '16:45', 'ZEI 123', 30, 23, 0, 0, 282, 223),
('CHEM417.001', '', '''Chemical Research II''', 10314, 1, 'F', '15:30', '16:45', 'ZEI 123', 30, 1, 0, 0, 283, 223),
('CHEM418.001', '', '''Chemical Research III''', 10315, 1, 'F', '15:30', '16:45', 'ZEI 123', 30, 21, 0, 0, 284, 223),
('AFST130.001', '', '''DI: Intro to Africana Studies''', 10317, 4, 'TR', '9:55', '11:35', 'KAR 034', 20, 18, 0, 0, 21, 22),
('WGSS100.001', '', '''Intro Women, Gender, Sexuality Studies''', 10318, 4, 'MW', '17:00', '18:40', 'KAR 244', 19, 16, 0, 0, 1361, 1362),
('WGSS100.002', '', '''Intro Women, Gender, Sexuality Studies''', 10319, 4, 'T', '18:00', '21:30', 'KAR 206', 19, 12, 0, 0, 1362, 1362),
('HWP190.001', '', '''Intro to Health Promotion''', 10321, 3, 'MW', '9:30', '10:45', 'SHE 407', 22, 25, 0, 0, 687, 687),
('HWP225.001', '', '''Nutrition and Lifestyle''', 10322, 3, 'TR', '9:55', '11:10', 'SHE 411', 25, 25, 0, 0, 692, 687),
('HWP294.001', '', '''Human Physiology''', 10323, 4, 'MW', '9:30', '10:45', 'SHE 410', 24, 24, 0, 0, 701, 687),
('HWP294.0L1', '', '''Human Physiology Lab''', 10324, 0, 'F', '9:30', '10:20', 'SHE 408', 12, 12, 0, 0, 702, 687),
('HWP294.0L2', '', '''Human Physiology Lab''', 10326, 0, 'F', '11:00', '11:50', 'SHE 408', 12, 12, 0, 0, 703, 687),
('HWP372001', '', '''ST:Peer Education and Health''', 10327, 2, 'T', '15:15', '16:55', 'SHE 407', 22, 10, 0, 0, 719, 687),
('HWP380.001', '', '''Internship in HWP''', 10329, 3, 'TR', '13:20', '14:35', 'SHE 406', 15, 8, 0, 0, 720, 687),
('HWP455.001', '', '''Pathophysiology Chronic Cond''', 10330, 3, 'TR', '8:25', '9:40', 'SHE 410', 22, 23, 0, 0, 721, 687),
('HWP459.001', '', '''Senior Seminar in HWP''', 10331, 3, 'MW', '12:30', '13:45', 'SHE 410', 15, 15, 0, 0, 722, 687),
('HUM124.001', '', '''The Ancient World''', 10332, 4, 'M', '11:00', '12:15', 'RRO 125', 22, 22, 0, 0, 573, 574),
('HUM124.0R1', '', '''RCT for HUM 124.001''', 10333, 0, 'WF', '11:00', '12:15', 'WHI 013', 22, 22, 0, 0, 574, 574),
('HUM124.002', '', '''The Ancient World''', 10334, 4, 'M', '11:00', '12:15', 'KAR 221', 22, 22, 0, 0, 575, 574),
('HUM124.0R2', '', '''RCT for HUM 124.002''', 10335, 0, 'WF', '11:00', '12:15', 'KAR 221', 22, 22, 0, 0, 576, 574),
('HUM124.003', '', '''The Ancient World''', 10336, 4, 'M', '11:00', '12:15', 'KAR 243', 22, 22, 0, 0, 577, 574),
('HUM124.0R3', '', '''RCT for HUM 124.003''', 10337, 0, 'WF', '11:00', '12:15', 'KAR 243', 22, 22, 0, 0, 578, 574),
('HUM124.004', '', '''The Ancient World''', 10338, 4, 'M', '11:00', '12:15', 'WHI 111', 22, 22, 0, 0, 579, 574),
('HUM124.0R4', '', '''RCT for HUM 124.004''', 10339, 0, 'WF', '11:00', '12:15', 'WHI 111', 22, 22, 0, 0, 580, 574),
('HUM124.005', '', '''The Ancient World''', 10340, 4, 'M', '11:00', '12:15', 'WHI 016', 22, 22, 0, 0, 581, 574),
('HUM124.0R5', '', '''RCT for HUM 124.005''', 10341, 0, 'WF', '9:30', '10:45', 'ZAG 244', 22, 22, 0, 0, 582, 574),
('HUM124.0H1', '', '''HON: The Ancient World''', 10342, 4, 'M', '11:00', '12:15', 'WHI 015', 15, 15, 0, 0, 603, 574),
('HUM124.RH1', '', '''HON: RCT for HUM 124.0H1''', 10343, 0, 'TR', '13:20', '14:35', 'WHI 015', 15, 15, 0, 0, 604, 574),
('HUM124.007', '', '''The Ancient World''', 10344, 4, 'M', '11:00', '12:15', 'ZEI 202', 22, 21, 0, 0, 585, 574),
('HUM124.0R7', '', '''RCT for HUM 124.007''', 10345, 0, 'WF', '11:00', '12:15', 'ZEI 202', 22, 21, 0, 0, 586, 574),
('HUM124.008', '', '''The Ancient World''', 10346, 4, 'M', '11:00', '12:15', 'ZAG 227', 22, 22, 0, 0, 587, 574),
('HUM124.0R8', '', '''RCT for HUM 124.008''', 10347, 0, 'WF', '11:00', '12:15', 'ZAG 227', 22, 22, 0, 0, 588, 574),
('HUM124.009', '', '''The Ancient World''', 10348, 4, 'M', '11:00', '12:15', 'CAR 231', 22, 22, 0, 0, 589, 574),
('HUM124.0R9', '', '''RCT for HUM 124.009''', 10349, 0, 'WF', '11:00', '12:15', 'CAR 231', 22, 22, 0, 0, 590, 574),
('HUM124.010', '', '''The Ancient World''', 10350, 4, 'M', '11:00', '12:15', 'CAR 231', 22, 22, 0, 0, 591, 574),
('HUM124.R10', '', '''RCT for HUM 124.010''', 10351, 0, 'TR', '13:20', '14:35', 'CAR 102', 22, 22, 0, 0, 592, 574),
('HUM124.011', '', '''The Ancient World''', 10352, 4, 'M', '11:00', '12:15', 'CAR 232', 22, 22, 0, 0, 593, 574),
('HUM124.R11', '', '''RCT for HUM 124.011''', 10353, 0, 'WF', '11:00', '12:15', 'CAR 232', 22, 22, 0, 0, 594, 574),
('HUM214.0H1', '', '''HON: Medieval and Renaissance World''', 10355, 4, 'M', '11:00', '12:15', 'ZAG 243', 15, 15, 0, 0, 631, 574),
('HUM214.RH1', '', '''HON: RCT for HUM 214.0H1''', 10356, 0, 'WF', '11:00', '12:15', 'ZAG 243', 15, 15, 0, 0, 632, 574),
('HUM214.002', '', '''Medieval and Renaissance World''', 10357, 4, 'M', '11:00', '12:15', 'WHI 118', 22, 22, 0, 0, 609, 574),
('HUM214.0R2', '', '''RCT for HUM 214.002''', 10358, 0, 'TR', '9:55', '11:10', 'ZAG 140', 22, 22, 0, 0, 610, 574),
('HUM214.003', '', '''Medieval and Renaissance World''', 10359, 4, 'M', '11:00', '12:15', 'CAR 131', 22, 22, 0, 0, 611, 574),
('HUM214.0R3', '', '''RCT for HUM 214.003''', 10360, 0, 'WF', '9:30', '10:45', 'CAR 131', 22, 22, 0, 0, 612, 574),
('HUM214.004', '', '''Medieval and Renaissance World''', 10361, 4, 'M', '11:00', '12:15', 'CAR 131', 22, 22, 0, 0, 613, 574),
('HUM214.0R4', '', '''RCT for HUM 214.004''', 10362, 0, 'WF', '11:00', '12:15', 'CAR 131', 22, 22, 0, 0, 614, 574),
('HUM214.006', '', '''Medieval and Renaissance World''', 10363, 4, 'M', '11:00', '12:15', 'CAR 102', 22, 23, 0, 0, 617, 574),
('HUM214.0R6', '', '''RCT for HUM 214.006''', 10364, 0, 'TR', '9:55', '11:10', 'CAR 102', 22, 23, 0, 0, 618, 574),
('HUM214.007', '', '''Medieval and Renaissance World''', 10365, 4, 'M', '11:00', '12:15', 'CAR 242', 22, 22, 0, 0, 619, 574),
('HUM214.0R7', '', '''RCT for HUM 214.007''', 10366, 0, 'WF', '11:00', '12:15', 'ZAG 237', 22, 22, 0, 0, 620, 574),
('HUM214.008', '', '''Medieval and Renaissance World''', 10367, 4, 'M', '11:00', '12:15', 'CAR 242', 22, 22, 0, 0, 621, 574),
('HUM214.0R8', '', '''RCT for HUM 214.008''', 10368, 0, 'WF', '9:30', '10:45', 'ZAG 237', 22, 22, 0, 0, 622, 574),
('HUM214.009', '', '''Medieval and Renaissance World''', 10369, 4, 'M', '11:00', '12:15', 'CAR 132', 22, 22, 0, 0, 623, 574),
('HUM214.0R9', '', '''RCT for HUM 214.009''', 10370, 0, 'TR', '8:15', '9:30', 'CAR 131', 22, 22, 0, 0, 624, 574),
('HUM214.010', '', '''Medieval and Renaissance World''', 10371, 4, 'M', '11:00', '12:15', 'CAR 132', 22, 22, 0, 0, 625, 574),
('HUM214.R10', '', '''RCT for HUM 214.010''', 10372, 0, 'TR', '9:55', '11:10', 'CAR 131', 22, 22, 0, 0, 626, 574),
('HUM214.001', '', '''Medieval and Renaissance World''', 10373, 4, 'M', '11:00', '12:15', 'KAR 232', 22, 22, 0, 0, 607, 574),
('HUM214.0R1', '', '''RCT for HUM 214.001''', 10374, 0, 'WF', '11:00', '12:15', 'KAR 232', 22, 22, 0, 0, 608, 574),
('HUM214.011', '', '''Medieval and Renaissance World''', 10375, 4, 'M', '11:00', '12:15', 'KAR 241', 22, 22, 0, 0, 627, 574),
('HUM214.R11', '', '''RCT for HUM 214.011''', 10376, 0, 'WF', '11:00', '12:15', 'KAR 241', 22, 22, 0, 0, 628, 574),
('HUM214.005', '', '''Medieval and Renaissance World''', 10377, 4, 'M', '11:00', '12:15', 'CAR 102', 22, 22, 0, 0, 615, 574),
('HUM214.0R5', '', '''RCT for HUM 214.005''', 10378, 0, 'TR', '8:15', '9:30', 'CAR 102', 22, 22, 0, 0, 616, 574),
('HUM324.001', '', '''Mod World: Mid 17-20th Century''', 10379, 4, 'F', '11:00', '12:15', 'LIP 125', 22, 22, 0, 0, 633, 574),
('HUM324.0R1', '', '''RCT for HUM 324.001''', 10380, 0, 'TR', '9:55', '11:10', 'KAR 244', 22, 22, 0, 0, 634, 574),
('HUM324.002', '', '''Mod World: Mid 17-20th Century''', 10381, 4, 'F', '11:00', '12:15', 'LIP 125', 22, 22, 0, 0, 635, 574),
('HUM324.0R2', '', '''RCT for HUM 324.002''', 10382, 0, 'TR', '9:55', '11:10', 'ZAG 226', 22, 22, 0, 0, 636, 574),
('HUM324.004', '', '''Mod World: Mid 17-20th Century''', 10383, 4, 'F', '11:00', '12:15', 'LIP 125', 22, 21, 0, 0, 639, 574),
('HUM324.0R4', '', '''RCT for HUM 324.004''', 10384, 0, 'TR', '9:55', '11:10', 'KAR 016', 22, 21, 0, 0, 640, 574),
('HUM324.005', '', '''Mod World: Mid 17-20th Century''', 10385, 4, 'F', '11:00', '12:15', 'LIP 125', 22, 20, 0, 0, 641, 574),
('HUM324.0R5', '', '''RCT for HUM 324.005''', 10386, 0, 'TR', '13:20', '14:35', 'KAR 243', 22, 20, 0, 0, 642, 574),
('HUM324.0H1', '', '''Section Canceled''', 10387, 4, 'TBA', '13:20', '14:35', 'TBA', 0, 0, 0, 0, 662, 574),
('HUM324.RH1', '', '''Section Canceled''', 10388, 0, 'TBA', '13:20', '14:35', 'TBA', 0, 0, 0, 0, 663, 574),
('HUM324.007', '', '''Mod World: Mid 17-20th Century''', 10389, 4, 'F', '11:00', '12:15', 'LIP 125', 22, 22, 0, 0, 643, 574),
('HUM324.0R7', '', '''RCT for HUM 324.007''', 10390, 0, 'MW', '12:30', '13:45', 'ZAG 137', 22, 22, 0, 0, 644, 574),
('HUM324.008', '', '''Mod World: Mid 17-20th Century''', 10391, 4, 'F', '11:00', '12:15', 'LIP 125', 22, 23, 0, 0, 645, 574),
('HUM324.0R8', '', '''RCT for HUM 324.008''', 10392, 0, 'MW', '11:00', '12:15', 'KAR 245', 22, 23, 0, 0, 646, 574),
('HUM324.010', '', '''Mod World: Mid 17-20th Century''', 10395, 4, 'F', '11:00', '12:15', 'LIP 125', 22, 22, 0, 0, 649, 574),
('HUM324.R10', '', '''RCT for HUM 324.010''', 10396, 0, 'MW', '14:00', '15:15', 'WHI 117', 22, 22, 0, 0, 650, 574),
('HUM324.003', '', '''Mod World: Mid 17-20th Century''', 10397, 4, 'F', '11:00', '12:15', 'LIP 125', 22, 23, 0, 0, 637, 574),
('HUM324.013', '', '''Mod World: Mid 17-20th Century''', 10398, 4, 'T', '17:15', '20:45', 'WHI 111', 22, 22, 0, 0, 655, 574),
('HUM414.001', '', '''Individual in Contemp World''', 10405, 4, 'F', '11:00', '12:15', 'HLH 139', 22, 21, 0, 0, 666, 574),
('HUM414.0R1', '', '''RCT for HUM 414.001''', 10406, 0, 'MW', '11:00', '12:15', 'WHI 117', 22, 21, 0, 0, 667, 574),
('HUM414.002', '', '''Individual in Contemp World''', 10407, 4, 'F', '11:00', '12:15', 'HLH 139', 22, 22, 0, 0, 668, 574),
('HUM414.0R2', '', '''RCT for HUM 414.002''', 10408, 0, 'MW', '11:00', '12:15', 'KAR 035', 22, 22, 0, 0, 669, 574),
('HUM414.003', '', '''Individual in Contemp World''', 10409, 4, 'F', '11:00', '12:15', 'HLH 139', 22, 23, 0, 0, 670, 574),
('HUM414.0R3', '', '''RCT for HUM 414.003''', 10410, 0, 'MW', '11:00', '12:15', 'ZAG 236', 22, 23, 0, 0, 671, 574),
('HUM414.004', '', '''Individual in Contemp World''', 10411, 4, 'F', '11:00', '12:15', 'HLH 139', 22, 21, 0, 0, 672, 574),
('HUM414.0R4', '', '''RCT for HUM 414.004''', 10412, 0, 'MW', '11:00', '12:15', 'ZAG 246', 22, 21, 0, 0, 673, 574),
('HUM414.005', '', '''Individual in Contemp World''', 10413, 4, 'F', '11:00', '12:10', 'HLH 139', 22, 22, 0, 0, 674, 574),
('HUM414.0R5', '', '''RCT for HUM 414.005''', 10414, 0, 'MW', '15:30', '16:45', 'WHI 012', 22, 22, 0, 0, 675, 574),
('HUM414.006', '', '''Individual in Contemp World''', 10415, 4, 'F', '11:00', '12:15', 'HLH 139', 22, 21, 0, 0, 676, 574),
('HUM414.0R6', '', '''RCT for HUM 414.006''', 10416, 0, 'MW', '15:30', '16:45', 'WHI 015', 22, 21, 0, 0, 677, 574),
('HUM414.007', '', '''Individual in Contemp World''', 10417, 4, 'T', '18:00', '21:30', 'WHI 014', 22, 23, 0, 0, 678, 574),
('HUM414.008', '', '''Individual in Contemp World''', 10419, 4, 'R', '17:15', '20:45', 'ZAG 227', 22, 22, 0, 0, 679, 574),
('CSCI107.001', '', '''Intro Computers and Multimedia''', 10420, 3, 'TR', '8:00', '9:40', 'KAR 037', 20, 20, 0, 0, 301, 302),
('CSCI181.001', '', '''Intro Prog for Numeric Appl''', 10421, 3, 'MWF', '9:30', '10:45', 'KAR 036', 20, 15, 0, 0, 302, 302),
('CSCI181.003', '', '''Intro Prog for Numeric Appl''', 10422, 3, 'MWF', '14:00', '15:15', 'KAR 037', 20, 20, 0, 0, 304, 302),
('CSCI182.001', '', '''Intro Prog for Media Appl''', 10423, 3, 'MWF', '9:30', '10:45', 'RRO 223', 18, 18, 0, 0, 306, 302),
('CSCI182.002', '', '''Intro Prog for Media Appl''', 10424, 3, 'MW', '17:00', '18:40', 'KAR 037', 20, 20, 0, 0, 307, 302),
('CSCI202.001', '', '''Intro to Data Structures''', 10425, 3, 'TR', '9:55', '11:35', 'ZAG 101', 26, 26, 0, 0, 308, 302),
('CSCI202.002', '', '''Intro to Data Structures''', 10426, 3, 'TR', '13:20', '15:00', 'ZAG 101', 26, 24, 0, 0, 309, 302),
('ANTH100.002', '', '''Intro to Cultural Anthropology''', 10429, 4, 'R', '9:55', '10:20', 'OWE 302A', 25, 21, 0, 0, 31, 29),
('ANTH100.002', '', '''Intro to Cultural Anthropology''', 10429, 4, 'T', '9:55', '11:35', 'OWE 302A', 25, 21, 0, 0, 32, 29),
('ANTH100.0L2', '', '''Lab for ANTH 100.002''', 10430, 0, 'R', '10:21', '11:35', 'OWE 302A', 25, 21, 0, 0, 33, 29),
('ANTH100.003', '', '''Intro to Cultural Anthropology''', 10431, 4, 'MW', '12:30', '13:45', 'ZAG 237', 25, 20, 0, 0, 34, 29),
('ANTH100.0L3', '', '''Lab for ANTH 100.003''', 10432, 0, 'F', '12:30', '13:45', 'ZAG 237', 25, 20, 0, 0, 35, 29),
('ANTH420.001', '', '''DI:Difference and Inequality''', 10433, 4, 'TR', '9:55', '11:35', 'ZAG 236', 8, 7, 0, 0, 49, 29),
('SOC100.002', '', '''DI:Introduction to Sociology''', 10434, 4, 'M', '15:30', '17:10', 'ZAG 237', 25, 25, 0, 0, 1266, 1265),
('SOC100.002', '', '''DI:Introduction to Sociology''', 10434, 4, 'W', '15:30', '16:20', 'ZAG 237', 25, 25, 0, 0, 1267, 1265),
('SOC100.0L2', '', '''Lab for SOC 100.002''', 10435, 0, 'W', '16:21', '17:10', 'ZAG 237', 25, 25, 0, 0, 1268, 1265),
('SOC100.003', '', '''DI:Introduction to Sociology''', 10436, 4, 'R', '13:20', '14:10', 'KAR 016', 25, 24, 0, 0, 1269, 1265),
('SOC100.003', '', '''DI:Introduction to Sociology''', 10436, 4, 'T', '13:20', '15:00', 'KAR 016', 25, 24, 0, 0, 1270, 1265),
('SOC100.0L3', '', '''Lab for SOC 100.003''', 10437, 0, 'R', '14:11', '15:00', 'KAR 016', 25, 24, 0, 0, 1271, 1265),
('SOC225.001', '', '''Social and Cultural Inquiry''', 10438, 4, 'MW', '12:30', '13:45', 'ZAG 236', 16, 14, 0, 0, 1278, 1265),
('SOC225.0L1', '', '''Lab for SOC 225.001''', 10439, 0, 'F', '12:30', '13:45', 'ZAG 236', 16, 14, 0, 0, 1279, 1265),
('SOC225.002', '', '''Social and Cultural Inquiry''', 10440, 4, 'MW', '9:30', '10:45', 'ZAG 236', 16, 10, 0, 0, 1280, 1265),
('SOC225.0L2', '', '''Lab for SOC 225.002''', 10441, 0, 'F', '9:30', '10:45', 'ZAG 236', 16, 10, 0, 0, 1281, 1265),
('SOC338.001', '', '''Social Research Methods''', 10443, 4, 'T', '13:20', '15:00', 'ZAG 236', 25, 17, 0, 0, 1286, 1265),
('SOC338.001', '', '''Social Research Methods''', 10443, 4, 'R', '13:20', '14:10', 'ZAG 236', 25, 17, 0, 0, 1287, 1265),
('SOC338.0L1', '', '''Lab for SOC 338.001''', 10444, 0, 'R', '14:11', '15:00', 'ZAG 236', 25, 17, 0, 0, 1288, 1265),
('SOC420.001', '', '''DI:Difference and Inequality''', 10445, 4, 'TR', '9:55', '11:35', 'ZAG 236', 17, 21, 0, 0, 1292, 1265),
('PHIL100.001', '', '''Introduction to Philosophy''', 10446, 4, 'MW', '14:00', '15:15', 'WHI 118', 22, 19, 0, 0, 1133, 1134);
INSERT INTO `courseinfo` (`codeCourses`, `term`, `titleCourses`, `crn`, `hours`, `days`, `startTime`, `endTime`, `location`, `lmt`, `enr`, `wlCap`, `wlAct`, `idCourse`, `idDepartments`) VALUES
('PHIL100.0R1', '', '''RCT for PHIL 100.001''', 10447, 0, 'F', '14:00', '15:15', 'WHI 118', 22, 19, 0, 0, 1134, 1134),
('PHIL101.001', '', '''Introduction to Logic''', 10448, 4, 'T', '9:55', '11:35', 'WHI 118', 22, 22, 0, 0, 1135, 1134),
('PHIL101.0R1', '', '''RCT for PHIL 101.001''', 10449, 0, 'R', '9:55', '11:35', 'WHI 118', 22, 22, 0, 0, 1136, 1134),
('POLS220.001', '', '''Introductions to American Politics''', 10450, 4, 'MWF', '12:30', '13:45', 'ZAG 227', 25, 27, 0, 0, 1176, 1177),
('POLS240.001', '', '''DI:Political Ideas and Imagination''', 10451, 4, 'MWF', '12:30', '13:45', 'ZAG 243', 25, 21, 0, 0, 1177, 1177),
('POLS261.001', '', '''People, Government and Conflicts''', 10452, 4, 'TR', '13:20', '15:00', 'ZAG 243', 25, 25, 0, 0, 1178, 1177),
('POLS290.001', '', '''Political Analysis''', 10453, 4, 'MW', '14:00', '15:15', 'ZAG 243', 25, 14, 0, 0, 1180, 1177),
('POLS400.001', '', '''Internship''', 10454, 2, 'TR', '8:00', '9:40', 'ZAG 243', 10, 3, 0, 0, 1193, 1177),
('FREN110.001', '', '''French I''', 10456, 4, 'MW', '9:30', '10:45', 'ZAG 142', 22, 15, 0, 0, 512, 513),
('FREN110.0L1', '', '''Lab for FREN 110.001''', 10457, 0, 'F', '9:30', '10:45', 'ZAG 142', 22, 15, 0, 0, 513, 513),
('FREN120.001', '', '''French II''', 10458, 4, 'MW', '9:30', '10:45', 'WHI 014', 22, 12, 0, 0, 514, 513),
('FREN120.0L1', '', '''Lab for FREN 120.001''', 10459, 0, 'F', '9:30', '10:45', 'WHI 014', 22, 12, 0, 0, 515, 513),
('FREN130.001', '', '''French for Advanced Beginners''', 10460, 4, 'MW', '8:00', '9:15', 'WHI 014', 22, 23, 0, 0, 518, 513),
('FREN130.0L1', '', '''Lab for FREN 130.001''', 10461, 0, 'F', '8:00', '9:15', 'WHI 014', 22, 23, 0, 0, 519, 513),
('FREN230.001', '', '''Intermediate French''', 10462, 4, 'MW', '9:30', '10:45', 'ZAG 243', 15, 16, 0, 0, 520, 513),
('FREN230.0L1', '', '''Lab for FREN 230.001''', 10463, 0, 'F', '9:30', '10:45', 'ZAG 243', 15, 16, 0, 0, 521, 513),
('SPAN110001', '', '''Spanish I''', 10464, 4, 'MW', '12:30', '13:45', 'WHI 015', 22, 23, 0, 0, 1296, 1297),
('SPAN110.0L1', '', '''Lab for SPAN 110.001''', 10465, 0, 'F', '12:30', '13:45', 'WHI 015', 22, 23, 0, 0, 1297, 1297),
('SPAN130.001', '', '''Spanish for Advanced Beginners''', 10466, 4, 'MW', '8:00', '9:15', 'WHI 012', 22, 21, 0, 0, 1298, 1297),
('SPAN130.0L1', '', '''Lab for SPAN 130.001''', 10467, 0, 'F', '8:00', '9:15', 'WHI 012', 22, 21, 0, 0, 1299, 1297),
('SPAN130.002', '', '''Spanish for Advanced Beginners''', 10468, 4, 'MW', '9:30', '10:45', 'WHI 012', 22, 21, 0, 0, 1300, 1297),
('SPAN130.0L2', '', '''Lab for SPAN 130.002''', 10469, 0, 'F', '9:30', '10:45', 'WHI 012', 22, 21, 0, 0, 1301, 1297),
('SPAN130.003', '', '''Spanish for Advanced Beginners''', 10470, 4, 'MW', '8:00', '9:15', 'KAR 244', 22, 21, 0, 0, 1302, 1297),
('SPAN130.0L3', '', '''Lab for SPAN 130.003''', 10471, 0, 'F', '8:00', '9:15', 'KAR 244', 22, 21, 0, 0, 1303, 1297),
('SPAN130.004', '', '''Spanish for Advanced Beginners''', 10472, 4, 'MW', '12:30', '13:45', 'WHI 014', 22, 18, 0, 0, 1304, 1297),
('SPAN130.0L4', '', '''Lab for SPAN 130.004''', 10473, 0, 'F', '12:30', '13:45', 'WHI 014', 22, 18, 0, 0, 1305, 1297),
('SPAN130.005', '', '''Spanish for Advanced Beginners''', 10474, 4, 'MW', '14:00', '15:15', 'WHI 014', 22, 16, 0, 0, 1306, 1297),
('SPAN130.0L5', '', '''Lab for SPAN 130.005''', 10475, 0, 'F', '14:00', '15:15', 'WHI 014', 22, 16, 0, 0, 1307, 1297),
('SPAN130.006', '', '''Spanish for Advanced Beginners''', 10476, 4, 'MW', '15:30', '16:45', 'WHI 014', 22, 20, 0, 0, 1308, 1297),
('SPAN130.0L6', '', '''Lab for SPAN 130.006''', 10477, 0, 'F', '15:30', '16:45', 'WHI 014', 22, 20, 0, 0, 1309, 1297),
('BIOL298.0X1', '', '''Intro to Research Methods''', 10478, 3, 'TR', '8:00', '9:15', 'ZEI 229', 10, 6, 0, 0, 193, 171),
('BIOL398.0X1', '', '''Research Methods in Biology''', 10479, 3, 'TR', '8:00', '9:15', 'ZEI 229', 10, 3, 0, 0, 208, 171),
('BIOL480.001', '', '''Senior Seminar''', 10480, 3, 'F', '14:00', '16:30', 'CAR 132', 30, 19, 0, 0, 215, 171),
('CLAS101.002', '', '''Latin I''', 10483, 4, 'MWF', '12:30', '13:45', 'WHI 111', 20, 18, 0, 0, 291, 291),
('E101.602', '', '''Intro to Engr and Problem Solv''', 10486, 1, 'R', '15:15', '17:05', 'RRO 217', 36, 12, 0, 0, 366, 367),
('MAE206.602', '', '''Engineering Statics''', 10487, 3, 'MWF', '9:35', '10:25', 'RRO 112', 36, 16, 0, 0, 840, 841),
('LIT334.001', '', '''West Lit: Ancient-Renaissance''', 10489, 4, 'MWF', '12:30', '13:45', 'KAR 241', 25, 25, 0, 0, 822, 817),
('LIT335.001', '', '''West Lit: Enlightenment-Modern''', 10490, 4, 'MWF', '8:00', '9:15', 'KAR 243', 25, 19, 0, 0, 823, 817),
('LA478.001', '', '''Senior Capstone''', 10493, 4, 'T', '17:10', '20:40', 'WHI 013', 22, 22, 0, 0, 762, 755),
('LA478.002', '', '''Senior Capstone''', 10494, 4, 'M', '18:00', '21:30', 'WHI 117', 22, 22, 0, 0, 763, 755),
('LA478.003', '', '''Senior Capstone''', 10495, 4, 'W', '18:00', '21:30', 'WHI 117', 22, 19, 0, 0, 764, 755),
('LA478.004', '', '''Senior Capstone''', 10496, 4, 'T', '17:10', '20:40', 'OWE 302A', 22, 10, 0, 0, 765, 755),
('DRAM105.001', 'L', '''Theatre Practicum''', 10498, 1, 'M', '17:00', '18:30', 'BEL 105', 25, 9, 0, 0, 338, 339),
('DRAM105.0L1', 'L', '''Lab for DRAM 105.001''', 10499, 0, 'W', '17:00', '18:30', 'BEL 105', 25, 9, 0, 0, 339, 339),
('CSCI472.001', '', '''Senior Project''', 10500, 2, 'TR', '8:15', '9:30', 'RRO 217', 20, 13, 0, 0, 324, 302),
('CHEM145.001', '', '''Quantitative Chem Laboratory''', 10504, 1, 'F', '14:00', '14:50', 'RRO 125', 24, 24, 0, 0, 244, 223),
('CLAS102.001', '', '''Latin II''', 10505, 4, 'MWF', '8:00', '9:15', 'WHI 111', 20, 9, 0, 0, 292, 291),
('NM101.001', '', '''Digital Design Principles''', 10507, 4, 'TR', '8:00', '9:15', 'ZEI 201', 20, 20, 0, 0, 1093, 1094),
('NM101.0L1', '', '''Lab for NM 101.001''', 10508, 0, 'TR', '9:16', '9:40', 'ZEI 201', 20, 20, 0, 0, 1094, 1094),
('NM101.003', '', '''Digital Design Principles''', 10509, 4, 'W', '17:20', '20:15', 'ZEI 201', 20, 17, 0, 0, 1097, 1094),
('NM101.0L3', '', '''Lab for NM 101.003''', 10510, 0, 'W', '20:16', '20:40', 'ZEI 201', 20, 17, 0, 0, 1098, 1094),
('NM231.001', '', '''Intro Web Page/Interact.Design''', 10513, 4, 'TR', '8:00', '9:15', 'ZEI 203', 20, 20, 0, 0, 1103, 1094),
('NM231.0L1', '', '''Lab for NM 231.001''', 10514, 0, 'TR', '9:16', '9:40', 'ZEI 203', 20, 20, 0, 0, 1104, 1094),
('NM251.001', '', '''Introduction to Motion Media''', 10515, 4, 'TR', '9:55', '11:10', 'ZEI 203', 20, 20, 0, 0, 1107, 1094),
('NM251.0L1', '', '''Lab for NM 251.001''', 10516, 0, 'TR', '11:11', '11:35', 'ZEI 203', 20, 20, 0, 0, 1108, 1094),
('NM281.001', '', '''Intro Video Art and Design''', 10517, 4, 'TR', '9:55', '11:15', 'ZEI 201', 20, 18, 0, 0, 1111, 1094),
('NM281.0L1', '', '''Lab for NM 281.001''', 10518, 0, 'TR', '11:16', '11:35', 'ZEI 201', 20, 18, 0, 0, 1112, 1094),
('NM438.001', '', '''Senior Capstone Project''', 10520, 2, 'T', '17:20', '19:00', 'ZEI 201', 20, 21, 0, 0, 1125, 1094),
('NM490.001', '', '''Proseminar and Portfolio''', 10521, 2, 'R', '17:20', '19:00', 'ZEI 201', 20, 23, 0, 0, 1130, 1094),
('HWP223.001', '', '''Physical Activity and Health''', 10522, 3, 'WF', '9:30', '10:45', 'SHE 411', 22, 17, 0, 0, 688, 687),
('HWP223.002', '', '''Physical Activity and Health''', 10523, 3, 'WF', '11:00', '12:15', 'SHE 411', 22, 21, 0, 0, 689, 687),
('DRAM201.001', 'L', '''Production Lab: Rehearsal''', 10525, 1, 'M', '17:00', '18:15', 'BEL 105', 12, 8, 0, 0, 345, 339),
('DRAM201.0L1', 'L', '''Lab for DRAM 201.001''', 10526, 0, 'W', '17:00', '18:15', 'BEL 105', 12, 8, 0, 0, 346, 339),
('DRAM202.001', 'L', '''Production Lab: Construction''', 10527, 1, 'M', '17:00', '18:15', 'BEL 105', 12, 3, 0, 0, 347, 339),
('DRAM202.0L1', 'L', '''Lab for DRAM 202.001''', 10528, 0, 'W', '17:00', '18:15', 'BEL 105', 12, 3, 0, 0, 348, 339),
('DRAM203.001', 'L', '''Production Lab: Crew''', 10529, 1, 'M', '17:00', '18:15', 'BEL 105', 12, 9, 0, 0, 349, 339),
('DRAM203.0L1', 'L', '''Lab for DRAM 203.001''', 10530, 0, 'W', '17:00', '18:15', 'BEL 105', 12, 9, 0, 0, 350, 339),
('DRAM204.001', 'L', '''Prod Lab: Continued Practice''', 10531, 1, 'M', '17:00', '18:15', 'BEL 105', 12, 1, 0, 0, 351, 339),
('DRAM204.0L1', 'L', '''Lab for DRAM 204.001''', 10532, 0, 'W', '17:00', '18:15', 'BEL 105', 12, 1, 0, 0, 352, 339),
('LANG366001', '', '''Creative Non-Fiction Workshop''', 10533, 4, 'MW', '17:20', '19:00', 'KAR 234', 15, 12, 0, 0, 813, 772),
('LANG494.001', '', '''Senior Sem in Creative Writing''', 10534, 4, 'MW', '15:30', '17:10', 'KAR 206', 15, 9, 0, 0, 815, 772),
('LIT488.001', '', '''DI: Seminar in a Major Author: Toni Morrison''', 10535, 4, 'TR', '15:15', '16:55', 'KAR 206', 15, 13, 0, 0, 838, 817),
('SPAN130.007', '', '''Spanish for Advanced Beginners''', 10537, 4, 'M', '17:00', '18:40', 'WHI 014', 22, 17, 0, 0, 1310, 1297),
('SPAN130.0L7', '', '''Lab for SPAN 130.007''', 10538, 0, 'W', '17:00', '18:40', 'WHI 014', 22, 17, 0, 0, 1311, 1297),
('ENVR130.002', '', '''Intro to Environmental Science''', 10539, 3, 'MWF', '11:00', '11:50', 'RRO 106', 35, 22, 0, 0, 460, 456),
('MATH155.001', '', '''Nature of Mathematics''', 10540, 4, 'M', '15:30', '17:10', 'RRO 213', 32, 20, 0, 0, 845, 846),
('MATH155.0L1', '', '''Lab for MATH 155.001''', 10541, 0, 'W', '15:30', '17:10', 'RRO 213', 32, 20, 0, 0, 846, 846),
('LANG120016', '', '''Acad Writing/Critical Inquiry''', 10542, 4, 'MW', '15:30', '16:45', 'KAR 243', 18, 17, 0, 0, 801, 772),
('LANG120.L16', '', '''Lab for LANG 120.016''', 10543, 0, 'F', '15:30', '16:45', 'KAR 243', 18, 17, 0, 0, 802, 772),
('NM101.002', '', '''Digital Design Principles''', 10544, 4, 'MW', '15:30', '16:45', 'ZEI 203', 20, 20, 0, 0, 1095, 1094),
('NM101.0L2', '', '''Lab for NM 101.002''', 10545, 0, 'MW', '16:46', '17:10', 'ZEI 203', 20, 20, 0, 0, 1096, 1094),
('LA478.0H1', '', '''HON: SL: Senior Capstone''', 10546, 4, 'TR', '9:55', '11:35', 'KAR 139', 15, 11, 0, 0, 769, 755),
('MUSC129.005', '', '''ARTS: Jazz Ensemble''', 10547, 1, 'TBA', '12:30', '13:45', 'LIP ', 10, 8, 0, 0, 983, 966),
('PHYS221002', '', '''Physics I''', 10548, 4, 'TR', '8:00', '9:40', 'RRO 125', 48, 22, 0, 0, 1157, 1148),
('PHYS221.0L4', '', '''Physics I Lab''', 10549, 0, 'M', '15:05', '17:35', 'RRO 123', 24, 6, 0, 0, 1161, 1148),
('EDUC455.002', '', '''Student Teaching and Seminar''', 10550, 8, 'TBA', '8:00', '9:40', 'TBA', 10, 9, 0, 0, 438, 414),
('EDUC455.003', '', '''Student Teaching and Seminar''', 10551, 8, 'TBA', '8:00', '9:40', 'TBA', 10, 3, 0, 0, 439, 414),
('EDUC455.004', '', '''Student Teaching and Seminar''', 10552, 8, 'TBA', '8:00', '9:40', 'TBA', 10, 0, 0, 0, 440, 414),
('HUM324.009', '', '''Mod World: Mid 17-20th Century''', 10553, 4, 'F', '11:00', '12:15', 'LIP 125', 22, 19, 0, 0, 647, 574),
('MUSC191.001', '', '''Applied Music I: Violin''', 10556, 2, 'F', '14:00', '15:15', 'LIP 125', 15, 1, 0, 0, 987, 966),
('MUSC191.002', '', '''Applied Music I: Violin''', 10557, 2, 'F', '14:00', '15:15', 'LIP 125', 15, 1, 0, 0, 988, 966),
('MUSC191.003', '', '''Applied Music I: Voice''', 10558, 2, 'F', '14:00', '15:15', 'LIP 125', 15, 2, 0, 0, 989, 966),
('MUSC191.004', '', '''Applied Music I: Voice''', 10559, 2, 'F', '14:00', '15:15', 'LIP 125', 15, 1, 0, 0, 990, 966),
('MUSC191.005', '', '''Applied Music I: Reeds''', 10560, 2, 'F', '14:00', '15:15', 'LIP 125', 15, 2, 0, 0, 991, 966),
('MUSC191.006', '', '''Applied Music I: Guitar''', 10561, 2, 'F', '14:00', '15:15', 'LIP 125', 15, 1, 0, 0, 992, 966),
('MUSC191.007', '', '''Applied Music I: Guitar''', 10562, 2, 'F', '14:00', '15:15', 'LIP 125', 15, 1, 0, 0, 993, 966),
('MUSC191.008', '', '''Applied Music I: Voice''', 10563, 2, 'F', '14:00', '15:15', 'LIP 125', 15, 1, 0, 0, 994, 966),
('MUSC191.009', '', '''Applied Music I: Trumpet''', 10564, 2, 'F', '14:00', '15:15', 'LIP 125', 15, 1, 0, 0, 995, 966),
('MUSC191.010', '', '''Applied Music I: Composition''', 10565, 2, 'F', '14:00', '15:15', 'LIP 125', 15, 1, 0, 0, 996, 966),
('MUSC191.011', '', '''Applied Music I: Percussion''', 10566, 2, 'F', '14:00', '15:15', 'LIP 125', 15, 1, 0, 0, 997, 966),
('MUSC191.012', '', '''Applied Music I: TBA''', 10567, 2, 'F', '14:00', '15:15', 'LIP 125', 15, 0, 0, 0, 998, 966),
('MUSC191.013', '', '''Applied Music I: TBA''', 10568, 2, 'F', '14:00', '15:15', 'LIP 125', 15, 0, 0, 0, 999, 966),
('MUSC191.014', '', '''Applied Music I: TBA''', 10569, 2, 'F', '14:00', '15:15', 'LIP 125', 15, 0, 0, 0, 1000, 966),
('MUSC192.001', '', '''Applied Music II:Guitar''', 10570, 2, 'F', '14:00', '15:15', 'LIP 125', 15, 1, 0, 0, 1002, 966),
('MUSC192.002', '', '''Applied Music II:Voice''', 10571, 2, 'F', '14:00', '15:15', 'LIP 125', 15, 1, 0, 0, 1003, 966),
('MUSC192.003', '', '''Applied Music II:Mandolin''', 10572, 2, 'F', '14:00', '15:15', 'LIP 125', 15, 0, 0, 0, 1004, 966),
('MUSC192.004', '', '''Applied Music II:Trombone''', 10573, 2, 'F', '14:00', '15:15', 'LIP 125', 15, 1, 0, 0, 1005, 966),
('MUSC192.005', '', '''Applied Music II: Piano''', 10574, 2, 'F', '14:00', '15:15', 'LIP 125', 15, 1, 0, 0, 1006, 966),
('MUSC192.006', '', '''Applied Music II: Reeds''', 10575, 2, 'F', '14:00', '15:15', 'LIP 125', 15, 1, 0, 0, 1007, 966),
('MUSC192.008', '', '''Applied Music II: Guitar''', 10576, 2, 'F', '14:00', '15:15', 'LIP 125', 15, 2, 0, 0, 1009, 966),
('MUSC192.009', '', '''Applied Music II: Voice''', 10577, 2, 'F', '14:00', '15:15', 'LIP 125', 15, 3, 0, 0, 1010, 966),
('MUSC192.010', '', '''Applied Music II: Voice''', 10578, 2, 'F', '14:00', '15:15', 'LIP 125', 15, 1, 0, 0, 1011, 966),
('MUSC192.007', '', '''Applied Music II: Bass''', 10579, 2, 'F', '14:00', '15:15', 'LIP 125', 15, 1, 0, 0, 1008, 966),
('MUSC291.001', '', '''Applied Music III: Guitar''', 10580, 2, 'F', '14:00', '15:15', 'LIP 125', 15, 2, 0, 0, 1021, 966),
('MUSC291.002', '', '''Applied Music III: Trombone''', 10581, 2, 'F', '14:00', '15:15', 'LIP 125', 15, 2, 0, 0, 1022, 966),
('MUSC291.003', '', '''Applied Music III: Piano''', 10582, 2, 'F', '14:00', '15:15', 'LIP 125', 15, 1, 0, 0, 1023, 966),
('MUSC291.004', '', '''Applied Music III: Trumpet''', 10583, 2, 'F', '14:00', '15:15', 'LIP 125', 15, 1, 0, 0, 1024, 966),
('MUSC291.005', '', '''Applied Music III: Voice''', 10584, 2, 'F', '14:00', '15:15', 'LIP 125', 15, 1, 0, 0, 1025, 966),
('MUSC291.006', '', '''Applied Music III: Bass''', 10585, 2, 'F', '14:00', '15:15', 'LIP 125', 15, 1, 0, 0, 1026, 966),
('MUSC291.007', '', '''Applied Music III: Voice''', 10586, 2, 'F', '14:00', '15:15', 'LIP 125', 15, 1, 0, 0, 1027, 966),
('MUSC291.008', '', '''Applied Music III: Percussion''', 10587, 2, 'F', '14:00', '15:15', 'LIP 125', 15, 0, 0, 0, 1028, 966),
('MUSC292.001', '', '''Applied Music IV: Voice''', 10590, 2, 'F', '14:00', '15:15', 'LIP 125', 15, 1, 0, 0, 1031, 966),
('MUSC292.002', '', '''Applied Music IV: Guitar''', 10591, 2, 'F', '14:00', '15:15', 'LIP 125', 15, 1, 0, 0, 1032, 966),
('MUSC292.003', '', '''Applied Music IV: Mandolin''', 10592, 2, 'F', '14:00', '15:15', 'LIP 125', 15, 1, 0, 0, 1033, 966),
('MUSC292.004', '', '''Applied Music IV: Bass''', 10593, 2, 'F', '14:00', '15:15', 'LIP 125', 15, 2, 0, 0, 1034, 966),
('MUSC391.001', '', '''Applied Music V: Voice''', 10594, 2, 'F', '14:00', '15:15', 'LIP 125', 15, 2, 0, 0, 1055, 966),
('MUSC391.002', '', '''Applied Music V: Violin''', 10595, 2, 'F', '14:00', '15:15', 'LIP 125', 15, 1, 0, 0, 1056, 966),
('MUSC391.003', '', '''Applied Music V: Voice''', 10596, 2, 'F', '14:00', '15:15', 'LIP 125', 15, 2, 0, 0, 1057, 966),
('MUSC392.001', '', '''Applied Music VI: Reeds''', 10601, 2, 'F', '14:00', '15:15', 'LIP 125', 15, 1, 0, 0, 1058, 966),
('MUSC392.002', '', '''Applied Music VI: Voice''', 10602, 2, 'F', '14:00', '15:15', 'LIP 125', 15, 2, 0, 0, 1059, 966),
('MUSC392.003', '', '''Applied Music VI: Piano''', 10603, 2, 'F', '14:00', '15:15', 'LIP 125', 15, 1, 0, 0, 1060, 966),
('MUSC491.001', '', '''Applied Music VII: Guitar''', 10604, 2, 'F', '14:00', '15:15', 'LIP 125', 15, 0, 0, 0, 1072, 966),
('MUSC491.002', '', '''Applied Music VII: Piano''', 10605, 2, 'F', '14:00', '15:15', 'LIP 125', 15, 1, 0, 0, 1073, 966),
('MUSC491.003', '', '''Applied Music VII: Composition''', 10606, 2, 'F', '14:00', '15:15', 'LIP 125', 15, 1, 0, 0, 1074, 966),
('SOC221.001', '', '''DI:Race and Ethnic Relations''', 10608, 4, 'MWF', '12:30', '13:45', 'ZAG 244', 20, 20, 0, 0, 1277, 1265),
('SOC464.001', '', '''Senior Colloquium''', 10609, 4, 'TR', '17:20', '19:00', 'ZAG 236', 20, 18, 0, 0, 1293, 1265),
('PHIL499.001', '', '''Undergraduate Research in PHIL''', 10613, 4, 'TBA', '15:15', '16:55', 'TBA', 5, 1, 0, 0, 1146, 1134),
('MCOM295001', '', '''Mass Media Workshop: Magazine & Feature Writing''', 10614, 4, 'M', '15:30', '17:10', 'KAR 316', 16, 20, 0, 0, 904, 895),
('MCOM295.0L1', '', '''Lab for MCOM 295.001''', 10615, 0, 'W', '15:30', '17:10', 'KAR 316', 16, 20, 0, 0, 905, 895),
('MCOM395001', '', '''Issues in Media Studies: Contemporary Views of American Media''', 10616, 4, 'MW', '15:30', '17:10', 'KAR 016', 20, 18, 0, 0, 912, 895),
('HWP471.001', '', '''Advanced Biometric Testing''', 10617, 1, 'M', '12:30', '13:20', 'SHE 409', 10, 4, 0, 0, 725, 687),
('ENVR282.001', '', '''DI: Environmental Geology''', 10621, 3, 'MW', '9:30', '10:45', 'RRO 103', 25, 25, 0, 0, 466, 456),
('ART144.002', '', '''Foundation Drawing''', 10624, 4, 'W', '13:20', '16:40', 'OWE 247', 15, 15, 0, 0, 63, 54),
('ART374001', '', '''ST:Advanced Handbuilding & Throwing''', 10625, 4, 'W', '12:30', '15:50', 'OWE 143', 6, 6, 0, 0, 84, 54),
('ANTH225.0L2', '', '''Lab for ANTH 225.002''', 10626, 0, 'F', '9:30', '10:45', 'ZAG 236', 7, 7, 0, 0, 39, 29),
('ANTH225.0L1', '', '''Lab for ANTH 225.001''', 10628, 0, 'F', '12:30', '13:45', 'ZAG 236', 7, 5, 0, 0, 37, 29),
('ANTH225.002', '', '''Social and Cultural Inquiry''', 10629, 4, 'MW', '9:30', '10:45', 'ZAG 236', 7, 7, 0, 0, 38, 29),
('ANTH225.001', '', '''Social and Cultural Inquiry''', 10631, 4, 'MW', '12:30', '13:45', 'ZAG 236', 7, 5, 0, 0, 36, 29),
('MGMT398.001', '', '''DI: Global Management''', 10632, 4, 'MWF', '9:30', '10:45', 'OWE 250', 25, 19, 0, 0, 939, 919),
('MGMT386.002', '', '''Management Information Systems''', 10633, 4, 'TR', '19:00', '20:40', 'OWE 250', 25, 26, 0, 0, 937, 919),
('MGMT386.001', '', '''Management Information Systems''', 10634, 4, 'TR', '8:00', '9:40', 'OWE 229', 25, 25, 0, 0, 936, 919),
('MGMT380.002', '', '''Management Science''', 10635, 4, 'TR', '8:00', '9:40', 'OWE 250', 25, 26, 0, 0, 935, 919),
('MGMT380.001', '', '''Management Science''', 10636, 4, 'MW', '8:00', '9:40', 'WHI 015', 25, 23, 0, 0, 934, 919),
('MGMT300.002', '', '''Legal and Ethical Environment''', 10637, 4, 'MW', '19:00', '20:40', 'OWE 202', 25, 22, 0, 0, 929, 919),
('MGMT300.001', '', '''Legal and Ethical Environment''', 10638, 4, 'MW', '15:30', '17:10', 'OWE 202', 25, 26, 0, 0, 928, 919),
('MGMT250.002', '', '''Marketing Principles''', 10639, 4, 'MWF', '11:00', '12:15', 'OWE 203', 25, 26, 0, 0, 927, 919),
('MGMT250.001', '', '''Marketing Principles''', 10640, 4, 'MWF', '9:30', '10:45', 'OWE 203', 25, 24, 0, 0, 926, 919),
('MGMT230.002', '', '''Organizational Behavior & Theory''', 10641, 4, 'MWF', '9:30', '10:45', 'OWE 229', 20, 20, 0, 0, 923, 919),
('MGMT230.001', '', '''Organizational Behavior & Theory''', 10642, 4, 'TR', '13:20', '15:00', 'OWE 302A', 20, 20, 0, 0, 922, 919),
('MGMT130.003', 'L', '''Introductory Seminar in Organizations''', 10643, 2, 'MW', '19:00', '20:40', 'OWE 203', 20, 15, 0, 0, 920, 919),
('MGMT130.004', 'L', '''Introductory Seminar in Organizations''', 10644, 2, 'MW', '15:30', '17:10', 'OWE 250', 20, 17, 0, 0, 921, 919),
('MGMT130.001', 'F', '''Introductory Seminar in Organizations''', 10645, 2, 'MW', '19:00', '20:40', 'OWE 203', 20, 18, 0, 0, 918, 919),
('MGMT130.002', 'F', '''Introductory Seminar in Organizations''', 10646, 2, 'MW', '15:30', '17:10', 'OWE 250', 20, 19, 0, 0, 919, 919),
('GERM490.001', '', '''Topic: Eine dramatische Reise''', 10647, 4, 'TR', '13:20', '15:00', 'WHI 014', 15, 5, 0, 0, 541, 530),
('MGMT480.002', '', '''Strategic Management & Policy''', 10648, 4, 'TR', '13:20', '15:00', 'OWE 202', 21, 24, 0, 0, 948, 919),
('MGMT480.001', '', '''Strategic Management & Policy''', 10649, 4, 'TR', '8:00', '9:40', 'OWE 202', 20, 16, 0, 0, 947, 919),
('MGMT398.002', '', '''DI: Global Management''', 10650, 4, 'TR', '9:55', '11:35', 'OWE 202', 25, 24, 0, 0, 940, 919),
('PSYC324.001', '', '''Theories of Personality ''', 10651, 3, 'TR', '8:15', '9:30', 'CAR 242', 25, 21, 0, 0, 1226, 1201),
('CSCI181.002', '', '''Intro Prog for Numeric Appl''', 10652, 3, 'MWF', '12:30', '13:45', 'KAR 037', 20, 16, 0, 0, 303, 302),
('DAN273001', '', '''ST:ARTS: Movement in Global Perspectives''', 10654, 3, 'MW', '14:00', '15:15', 'SHE 406', 20, 3, 0, 0, 334, 329),
('SPAN130.008', '', '''Spanish for Advanced Beginners''', 10655, 4, 'T', '9:55', '11:35', 'WHI 012', 22, 22, 0, 0, 1312, 1297),
('MUSC103.001', '', '''Class Guitar I''', 10656, 2, 'TR', '9:55', '11:10', 'LIP 125', 15, 14, 0, 0, 968, 966),
('MUSC105.001', '', '''Class Voice I''', 10657, 2, 'WF', '10:00', '10:50', 'LIP 125', 20, 17, 0, 0, 969, 966),
('MUSC113.001', '', '''University Singers''', 10658, 1, 'MW', '12:30', '13:45', 'LIP 125', 50, 25, 0, 0, 970, 966),
('MUSC114.001', '', '''Asheville Singers''', 10659, 1, 'TR', '13:20', '15:00', 'LIP 125', 30, 22, 0, 0, 971, 966),
('EDUC455.005', '', '''Student Teaching and Seminar''', 10660, 8, 'TBA', '8:00', '9:40', 'TBA', 10, 3, 0, 0, 441, 414),
('EDUC455.006', '', '''Student Teaching and Seminar''', 10661, 8, 'TBA', '8:00', '9:40', 'TBA', 10, 0, 0, 0, 442, 414),
('EDUC455.007', '', '''Student Teaching and Seminar''', 10662, 8, 'TBA', '8:00', '9:40', 'TBA', 10, 4, 0, 0, 443, 414),
('EDUC456.002', '', '''Teacher as 21st Century Pro''', 10663, 4, 'W', '17:00', '18:40', 'ZAG 226', 15, 9, 0, 0, 447, 414),
('EDUC456.0L2', '', '''Lab for EDUC 456.002''', 10664, 0, 'W', '19:00', '20:40', 'ZAG 226', 15, 9, 0, 0, 448, 414),
('INTS494.001', '', '''Capstone in International Studies''', 10666, 4, 'TR', '9:55', '11:35', 'OWE 302C', 15, 6, 0, 0, 743, 738),
('LA478.0H2', '', '''HON: SL: Senior Capstone''', 10668, 4, 'TR', '13:20', '15:00', 'KAR 139', 15, 13, 0, 0, 770, 755),
('ATMS103.002', '', '''Intro to Meteorology''', 10670, 3, 'TR', '15:15', '16:30', 'RRO 239', 20, 12, 0, 0, 147, 147),
('ATMS499.003', '', '''Undergraduate Research in ATMS''', 10671, -5, 'TBA', '15:15', '16:30', 'TBA', 10, 0, 0, 0, 168, 147),
('HUM124.012', '', '''The Ancient World''', 10672, 4, 'M', '11:00', '12:15', 'CAR 232', 22, 22, 0, 0, 595, 574),
('HUM124.R12', '', '''RCT for HUM 124.012''', 10673, 0, 'WF', '9:30', '10:45', 'CAR 231', 22, 22, 0, 0, 596, 574),
('HUM124.013', '', '''The Ancient World''', 10674, 4, 'M', '11:00', '12:15', 'WHI 014', 22, 22, 0, 0, 597, 574),
('HUM124.R13', '', '''RCT for HUM 124.013''', 10675, 0, 'WF', '11:00', '12:15', 'WHI 014', 22, 22, 0, 0, 598, 574),
('MGMT489.001', '', '''Project-Based Professional Internship''', 10676, 3, 'W', '15:30', '16:20', 'OWE 229', 20, 12, 0, 0, 950, 919),
('ANTH499.001', '', '''Undergraduate Research in ANTH''', 10677, 4, 'TBA', '9:55', '11:35', 'TBA', 5, 5, 0, 0, 50, 29),
('HWP224.001', '', '''Mental and Emotional Health''', 10679, 3, 'MW', '12:30', '13:45', 'SHE 407', 22, 26, 0, 0, 691, 687),
('SOC100.004', '', '''DI: Introduction to Sociology''', 10681, 4, 'W', '17:20', '18:10', 'ZAG 237', 25, 24, 0, 0, 1272, 1265),
('SOC100.004', '', '''DI: Introduction to Sociology''', 10681, 4, 'M', '17:20', '19:00', 'ZAG 237', 25, 24, 0, 0, 1273, 1265),
('SOC100.0L4', '', '''Lab for SOC 100.004''', 10682, 0, 'W', '18:11', '19:00', 'ZAG 237', 25, 24, 0, 0, 1274, 1265),
('EDUC437.001', '', '''6-12 Social Studies Teaching Methods''', 10685, 2, 'R', '15:15', '16:55', 'ZAG 137', 15, 2, 0, 0, 435, 414),
('EDUC434.0X1', '', '''K-12 Health and Physical Education Teaching Methods''', 10686, 2, 'TBA', '15:15', '16:55', 'TBA', 1, 1, 0, 0, 434, 414),
('EDUC432.001', '', '''6-12 English/Language Arts Teaching Methods''', 10687, 2, 'T', '15:15', '16:55', 'ZAG 137', 15, 3, 0, 0, 433, 414),
('EDUC430.001', '', '''Lesson Plannning and Classroom Management''', 10688, 3, 'MW', '12:30', '13:45', 'ZAG 140', 20, 9, 0, 0, 431, 414),
('HIST250.001', '', '''The Historian''s Craft''', 10689, 4, 'TR', '9:55', '11:35', 'WHI 016', 22, 22, 0, 0, 550, 543),
('RELS200.001', '', '''Intro to the Study of Religion''', 10690, 4, 'TR', '9:55', '11:35', 'ZAG 246', 20, 14, 0, 0, 1256, 1256),
('MCOM394001', '', '''Issues in Media Studies: Layout & Design''', 10696, 4, 'MWF', '14:00', '15:15', 'KAR 316', 16, 16, 0, 0, 911, 895),
('HIST451.001', '', '''Senior Seminar Preparation''', 10699, 2, 'T', '13:20', '15:00', 'RRO 239', 8, 9, 0, 0, 562, 543),
('HIST452.002', '', '''Senior Research Seminar''', 10700, 2, 'R', '8:00', '9:40', 'WHI 013', 8, 6, 0, 0, 565, 543),
('HIST452.001', '', '''Senior Research Seminar''', 10701, 2, 'T', '8:00', '9:40', 'WHI 013', 8, 7, 0, 0, 564, 543),
('DRAM499.001', '', '''Undergrad Res in Drama''', 10702, 3, 'TBA', '9:55', '11:10', 'TBA', 10, 8, 0, 0, 363, 339),
('DRAM499.003', '', '''Undergrad Res in Drama''', 10705, 1, 'TBA', '9:55', '11:10', 'TBA', 10, 1, 0, 0, 365, 339),
('SPAN130.0L8', '', '''Lab for SPAN 130.008''', 10706, 0, 'R', '9:55', '11:35', 'WHI 012', 22, 22, 0, 0, 1313, 1297),
('HON499.0H1', '', '''Undergrad Research in Honors''', 10707, 3, 'TBA', '14:00', '14:50', 'TBA', 5, 1, 0, 0, 572, 572),
('ENVR373002', '', '''ST: Conservation Biology''', 10708, 3, 'TR', '15:15', '16:30', 'RRO 106', 30, 31, 0, 0, 480, 456),
('IST325.001', '', '''Internship: Exploring Career Choices''', 10709, 3, 'T', '15:15', '16:45', 'OWE 302C', 10, 6, 0, 0, 747, 746),
('UNCX130.001', '', '''UNC Exchange''', 10711, 3, 'TBA', '12:30', '13:45', 'TBA', 10, 2, 0, 0, 1349, 1348),
('UNCX130.002', '', '''UNC Exchange''', 10714, 3, 'TBA', '12:30', '13:45', 'TBA', 10, 1, 0, 0, 1350, 1348),
('HIST451.002', '', '''Senior Seminar Preparation''', 10715, 2, 'R', '13:20', '15:00', 'RRO 239', 8, 8, 0, 0, 563, 543),
('SOC499.001', '', '''Undergraduate Research in SOC''', 10716, 4, 'TBA', '17:20', '19:00', 'TBA', 10, 2, 0, 0, 1294, 1265),
('UNCX140.001', '', '''UNC Exchange''', 10718, 4, 'TBA', '12:30', '13:45', 'TBA', 10, 0, 0, 0, 1351, 1348),
('PSYC499.001', '', '''Undergraduate Research in PSYC''', 10719, 3, 'TBA', '14:00', '14:50', 'TBA', 1, 1, 0, 0, 1249, 1201),
('ENVR499.001', '', '''Undergrad Research in ENVR''', 10722, 2, 'TBA', '17:10', '18:00', 'TBA', 1, 1, 0, 0, 501, 456),
('ENVR373003', '', '''ST: Sustainable Food Systems''', 10723, 3, 'M', '17:15', '19:45', 'RRO 103', 20, 19, 0, 0, 481, 456),
('ECON499.001', '', '''Undergraduate Research in Econ''', 10724, 3, 'TBA', '15:30', '16:45', 'TBA', 10, 1, 0, 0, 411, 387),
('DRAM490.0X3', '', '''Prof and Technical Internship''', 10725, 1, 'TBA', '9:55', '11:10', 'TBA', 10, 0, 0, 0, 362, 339),
('LANG120.017', '', '''Acad Writing/Critical Inquiry''', 10726, 4, 'M', '17:00', '18:40', 'KAR 241', 18, 18, 0, 0, 803, 772),
('ANTH100.001', '', '''Intro to Cultural Anthropology''', 10727, 4, 'R', '8:00', '9:00', 'OWE 302A', 25, 10, 0, 0, 28, 29),
('ANTH100.001', '', '''Intro to Cultural Anthropology''', 10727, 4, 'T', '8:00', '9:40', 'OWE 302A', 25, 10, 0, 0, 29, 29),
('ANTH100.0L1', '', '''Lab for ANTH 100.001''', 10728, 0, 'R', '9:01', '9:40', 'OWE 302A', 25, 10, 0, 0, 30, 29),
('HWP499.003', '', '''Undergraduate Research in HWP''', 10729, 3, 'TBA', '11:15', '12:15', 'TBA', 5, 5, 0, 0, 733, 687),
('ARTS310003', '', '''ARTS: The Artist as Visionary and Entrepreneur''', 10730, 3, 'M', '15:30', '18:00', 'WHI 111', 20, 19, 0, 0, 117, 115),
('UNCX110.001', '', '''UNC Exchange''', 10732, 1, 'TBA', '12:30', '13:45', 'TBA', 10, 0, 0, 0, 1347, 1348),
('LA171001', '', '''ST: College Student Success:Accountability, Momentum, Persistence (AMP)''', 10733, 1, 'T', '8:30', '9:20', 'KAR 016', 17, 17, 0, 0, 754, 755),
('LA171002', '', '''ST: College Student Success:Accountability, Momentum, Persistence (AMP)''', 10734, 1, 'T', '15:15', '16:05', 'KAR 016', 35, 34, 0, 0, 755, 755),
('LA171003', '', '''ST: College Student Success:Accountability, Momentum, Persistence (AMP)''', 10735, 1, 'W', '10:00', '10:50', 'KAR 016', 21, 21, 0, 0, 756, 755),
('LA171004', '', '''ST: Making Academic Progress''', 10736, 1, 'R', '8:30', '9:20', 'KAR 016', 0, 0, 0, 0, 757, 755),
('HWP499.002', '', '''Undergraduate Research in HWP''', 10737, 2, 'R', '11:15', '12:15', 'TBA', 5, 4, 0, 0, 732, 687),
('MGMT499.001', '', '''Undergraduate Research in MGMT''', 10738, 3, 'TBA', '15:30', '16:20', 'TBA', 1, 1, 0, 0, 951, 919),
('CSCI499.001', '', '''UGR in Computer Science''', 10739, 1, 'TBA', '8:15', '9:30', 'RRO 216', 10, 8, 0, 0, 325, 302),
('CSCI499.002', '', '''UGR in Computer Science''', 10740, 2, 'TBA', '8:15', '9:30', 'RRO 216', 10, 0, 0, 0, 326, 302),
('LA171005', '', '''ST: Making Academic Progress''', 10741, 1, 'R', '15:15', '16:05', 'KAR 016', 24, 24, 0, 0, 758, 755),
('MUSC490.001', '', '''Professional and Technical Internship''', 10742, 4, 'TBA', '13:20', '14:10', 'TBA', 5, 2, 0, 0, 1071, 966),
('LA171006', '', '''ST: Making Academic Progress''', 10743, 1, 'F', '10:00', '10:50', 'KAR 016', 28, 28, 0, 0, 759, 755),
('MUSC102.001', '', '''Class Piano II''', 10744, 2, 'MW', '14:00', '14:50', 'LIP 013', 10, 0, 0, 0, 967, 966),
('PHYS499.001', '', '''Undergraduate Research in PHYS''', 10746, 1, 'TBA', '9:55', '11:35', 'TBA', 3, 3, 0, 0, 1174, 1148),
('HIST499001', '', '''Undergraduate Research in HIST''', 10748, 4, 'TBA', '8:00', '9:40', 'TBA', 5, 2, 0, 0, 566, 543),
('MUSC129.006', '', '''ARTS:Jazz Ensemble''', 10749, 1, 'TBA', '12:30', '13:45', 'LIP ', 10, 4, 0, 0, 984, 966),
('MUSC373.001', '', '''ST: ARTS: Women of Song''', 10750, 3, 'MW', '14:00', '15:15', 'LIP 018', 30, 5, 0, 0, 1047, 966),
('MATH192.004', '', '''Calculus II''', 10753, 4, 'MW', '14:00', '15:15', 'RRO 210', 32, 27, 0, 0, 869, 846),
('MATH192.0L4', '', '''Lab for MATH 192.004''', 10754, 0, 'F', '14:00', '15:15', 'RRO 210', 32, 27, 0, 0, 870, 846),
('MATH215.001', '', '''Struct of Math: Geometry/Stat''', 10755, 3, 'TR', '9:55', '11:10', 'RRO 213', 25, 25, 0, 0, 871, 846),
('MATH251.001', '', '''Discrete Mathematics''', 10756, 3, 'MWF', '14:00', '14:50', 'RRO 213', 30, 25, 0, 0, 872, 846),
('MATH480.002', '', '''Mathematics Seminar''', 10762, 2, 'T', '15:15', '16:55', 'RRO 212', 15, 6, 0, 0, 890, 846),
('ATMS230.001', '', '''Fortran for Meteorologists''', 10766, 3, 'MW', '9:30', '10:45', 'RRO 209', 12, 6, 0, 0, 148, 147),
('ATMS241.001', '', '''Geography in Meteorology''', 10767, 1, 'W', '18:00', '20:30', 'RRO 238', 18, 14, 0, 0, 149, 147),
('ATMS251.001', '', '''Mathematics in Meteorology''', 10768, 1, 'M', '14:00', '16:30', 'RRO 238', 18, 10, 0, 0, 150, 147),
('ATMS261.001', '', '''Computer Appl in Meteorology''', 10769, 1, 'F', '14:00', '16:30', 'RRO 209', 12, 11, 0, 0, 151, 147),
('ATMS310.001', '', '''Atmos Kinematics and Dynamics''', 10771, 3, 'WF', '12:30', '13:45', 'RRO 238', 18, 14, 0, 0, 152, 147),
('ATMS350.001', '', '''Weather Forecasting''', 10773, 3, 'MWF', '10:00', '10:50', 'RRO 238', 18, 6, 0, 0, 155, 147),
('ATMS405.001', '', '''Meteorological Statistics''', 10774, 3, 'MW', '15:30', '16:45', 'RRO 239', 18, 10, 0, 0, 161, 147),
('ATMS411.001', '', '''Synoptic Meteorology II''', 10775, 3, 'TR', '13:20', '14:35', 'RRO 238', 18, 10, 0, 0, 162, 147),
('ATMS455.001', '', '''Physical Meteorology''', 10776, 3, 'TR', '15:15', '16:30', 'RRO 238', 18, 11, 0, 0, 164, 147),
('ATMS499.001', '', '''Undergraduate Research in ATMS''', 10777, -5, 'TBA', '15:15', '16:30', 'TBA', 10, 2, 0, 0, 166, 147),
('ATMS499.002', '', '''Undergraduate Research in ATMS''', 10778, -5, 'TBA', '15:15', '16:30', 'TBA', 10, 0, 0, 0, 167, 147),
('PHYS101.001', '', '''Light and Visual Phenomena''', 10779, 3, 'TR', '13:20', '14:35', 'RRO 125', 44, 45, 0, 0, 1147, 1148),
('PHYS121.001', '', '''Light and Visual Phenomena Lab''', 10780, 1, 'T', '9:55', '11:10', 'RRO 114', 22, 22, 0, 0, 1149, 1148),
('PHYS101.002', '', '''Light and Visual Phenomena''', 10781, 3, 'TR', '15:15', '16:30', 'RRO 125', 44, 40, 0, 0, 1148, 1148),
('PHYS121.002', '', '''Light and Visual Phenomena Lab''', 10782, 1, 'W', '9:30', '10:45', 'RRO 114', 22, 21, 0, 0, 1150, 1148),
('PHYS121.003', '', '''Light and Visual Phenomena Lab''', 10784, 1, 'W', '14:00', '15:15', 'RRO 114', 22, 22, 0, 0, 1151, 1148),
('PHYS121.004', '', '''Light and Visual Phenomena Lab''', 10786, 1, 'R', '9:55', '11:10', 'RRO 114', 22, 18, 0, 0, 1152, 1148),
('PHYS131.0L2', '', '''Introductory Physics I Lab''', 10788, 0, 'W', '15:15', '17:45', 'RRO 123', 24, 24, 0, 0, 1155, 1148),
('PHYS310.001', '', '''Electronics''', 10793, 4, 'MW', '12:30', '13:45', 'ZEI 202', 16, 19, 0, 0, 1168, 1148),
('PHYS310.0L1', '', '''Electronics Lab''', 10794, 0, 'W', '14:00', '15:40', 'RRO 111', 8, 10, 0, 0, 1169, 1148),
('PHYS310.0L2', '', '''Electronics Lab''', 10795, 0, 'W', '15:55', '17:35', 'RRO 111', 8, 9, 0, 0, 1170, 1148),
('PHYS326.001', '', '''Modern Physics''', 10797, 3, 'MWF', '12:30', '13:20', 'RRO 239', 16, 17, 0, 0, 1171, 1148),
('PHYS331.001', '', '''Experimental Physics I''', 10798, 1, 'W', '8:15', '10:45', 'RRO 119', 16, 11, 0, 0, 1172, 1148),
('DRAM113.001', '', '''The Expressive Voice and Body''', 10802, 3, 'MW', '14:00', '15:15', 'WHI 103', 18, 20, 0, 0, 341, 339),
('DRAM122.001', '', '''Elements of Production II''', 10803, 3, 'WF', '15:30', '16:15', 'WHI 110', 15, 11, 0, 0, 342, 339),
('DRAM122.0L1', '', '''Lab for DRAM 122.001''', 10804, 0, 'WF', '17:00', '18:15', 'WHI 110', 15, 11, 0, 0, 343, 339),
('DRAM212.001', '', '''Scene Study Techniques''', 10805, 3, 'TR', '15:15', '16:30', 'WHI 103', 16, 13, 0, 0, 353, 339),
('DRAM324.001', '', '''Theatre Tech Investig: Make-Up''', 10808, 3, 'TR', '13:20', '14:35', 'BEL 105', 12, 5, 0, 0, 356, 339),
('DRAM499.002', '', '''Undergrad Res in Drama''', 10810, 2, 'TBA', '9:55', '11:10', 'TBA', 10, 0, 0, 0, 364, 339),
('DRAM490.0X1', '', '''Prof and Technical Internship''', 10811, 3, 'TBA', '9:55', '11:10', 'TBA', 10, 0, 0, 0, 360, 339),
('DRAM490.0X2', '', '''Prof and Technical Internship''', 10812, 2, 'TBA', '9:55', '11:10', 'TBA', 10, 3, 0, 0, 361, 339),
('NM142.001', '', '''New Media History and Theory''', 10813, 4, 'TR', '9:55', '11:35', 'ZEI 202', 25, 25, 0, 0, 1099, 1094),
('NM144.001', '', '''DI: History of Animation: Pencil to Pixel''', 10814, 4, 'W', '17:20', '20:40', 'RRO 125', 126, 126, 0, 0, 1100, 1094),
('NM350.001', '', '''Video and Motion Graphics''', 10815, 4, 'MW', '12:30', '13:45', 'ZEI 201', 16, 19, 0, 0, 1115, 1094),
('NM350.0L1', '', '''Lab for NM 350.001''', 10816, 0, 'MW', '13:46', '14:10', 'ZEI 201', 16, 19, 0, 0, 1116, 1094),
('NM410.001', '', '''Advanced Animation Techniques''', 10817, 4, 'TR', '15:15', '16:30', 'ZEI 203', 17, 19, 0, 0, 1121, 1094),
('NM410.0L1', '', '''Lab for NM 410.001''', 10818, 0, 'TR', '16:31', '16:55', 'ZEI 203', 17, 19, 0, 0, 1122, 1094),
('NM420.001', '', '''Advanced Interactive Media''', 10819, 4, 'MW', '15:30', '16:45', 'ZEI 201', 16, 16, 0, 0, 1123, 1094),
('NM420.0L1', '', '''Lab for NM 420.001''', 10820, 0, 'MW', '16:46', '17:10', 'ZEI 201', 16, 16, 0, 0, 1124, 1094),
('RELS374001', '', '''ST: DI: Going Global: Religion and International Issues''', 10826, 4, 'TR', '9:55', '11:35', 'KAR 245', 10, 8, 0, 0, 1257, 1256),
('RELS398.001', '', '''Theory & Method in the Study of Religion''', 10828, 4, 'MWF', '14:00', '15:15', 'ZAG 246', 15, 5, 0, 0, 1262, 1256),
('EDUC130.001', '', '''General Geography, 6-12''', 10829, 3, 'TR', '13:20', '14:35', 'ZAG 137', 22, 15, 0, 0, 413, 414),
('EDUC313.001', '', '''Adolescent Literature, 6-12''', 10830, 3, 'MW', '9:30', '10:45', 'ZAG 140', 22, 11, 0, 0, 422, 414),
('MCOM495002', '', '''Media Studies Seminar: Feature Film Production''', 10834, 4, 'MWF', '14:00', '15:15', 'KAR 016', 10, 11, 0, 0, 916, 895),
('MCOM495003', '', '''Media Studies Seminar: Environmental Communication''', 10835, 4, 'TR', '9:55', '11:35', 'KAR 012', 10, 12, 0, 0, 917, 895),
('VMP294001', '', '''Visual Media Workshop: Directing''', 10836, 4, 'MW', '12:30', '13:45', 'KAR 012', 10, 11, 0, 0, 1358, 1355),
('VMP294.0L1', '', '''Lab for VMP 294.001''', 10837, 0, 'F', '12:30', '13:45', 'KAR 012', 10, 11, 0, 0, 1359, 1355),
('ANTH305.001', '', '''Internship in Soc/Anth''', 10838, 1, 'TR', '8:00', '9:40', 'ZAG 236', 15, 0, 0, 0, 40, 29),
('ANTH305.002', '', '''Internship in Soc/Anth''', 10839, 2, 'TR', '8:00', '9:40', 'ZAG 236', 15, 1, 0, 0, 41, 29),
('ANTH305.003', '', '''Internship in Soc/Anth''', 10840, 3, 'TR', '8:00', '9:40', 'ZAG 236', 15, 0, 0, 0, 42, 29),
('ANTH305.004', '', '''Internship in Soc/Anth''', 10841, 4, 'TR', '8:00', '9:40', 'ZAG 236', 15, 1, 0, 0, 43, 29),
('SOC100.001', '', '''DI: Introduction to Sociology''', 10848, 4, 'MW', '8:00', '9:15', 'ZAG 236', 25, 24, 0, 0, 1264, 1265),
('SOC100.0L1', '', '''Lab for SOC 100.001''', 10849, 0, 'F', '8:00', '9:15', 'ZAG 236', 25, 24, 0, 0, 1265, 1265),
('SOC220.001', '', '''Juvenile Delinquency''', 10851, 4, 'MWF', '14:00', '15:15', 'ZAG 237', 25, 24, 0, 0, 1276, 1265),
('SOC359.001', '', '''DI:Women of Color and Feminism''', 10852, 4, 'TR', '15:15', '16:55', 'ZAG 237', 25, 26, 0, 0, 1289, 1265),
('ENVR106.001', '', '''Earth History''', 10854, 3, 'MWF', '10:00', '10:50', 'RRO 106', 35, 36, 0, 0, 458, 456),
('ENVR320.001', '', '''Mineralogy and Petrology''', 10858, 4, 'MWF', '9:00', '9:50', 'RRO 138', 20, 19, 0, 0, 467, 456),
('ENVR320.0L1', '', '''Lab for ENVR 320.001''', 10859, 0, 'R', '13:20', '16:20', 'RRO 138', 20, 19, 0, 0, 468, 456),
('ENVR332.001', '', '''Environmental Management''', 10860, 3, 'TR', '15:15', '16:30', 'RRO 103', 25, 21, 0, 0, 472, 456),
('ENVR384.001', '', '''Intro to Geographic Info Syst''', 10866, 4, 'MW', '12:30', '13:45', 'KAR 036', 18, 17, 0, 0, 490, 456),
('ENVR384.0L1', '', '''Lab for ENVR 384.001''', 10867, 0, 'M', '14:00', '16:30', 'KAR 036', 18, 17, 0, 0, 491, 456),
('ENVR385.001', '', '''Soils''', 10868, 4, 'TR', '8:00', '9:15', 'RRO 103', 18, 17, 0, 0, 492, 456),
('ENVR385.0L1', '', '''Lab for ENVR 385.001''', 10869, 0, 'T', '13:20', '16:20', 'RRO 138', 18, 17, 0, 0, 493, 456),
('CSCI373001', '', '''ST: Games Programming''', 10873, 3, 'MWF', '9:30', '10:45', 'RRO 217', 28, 29, 0, 0, 317, 302),
('CSCI373002', '', '''ST: Parallel Programming''', 10874, 3, 'MWF', '14:00', '15:15', 'RRO 217', 18, 17, 0, 0, 318, 302),
('CSCI373002', '', '''ST: Parallel Programming''', 10874, 3, 'MWF', '14:00', '15:15', 'RRO 223', 18, 17, 0, 0, 319, 302),
('CSCI499.003', '', '''UGR in Computer Science''', 10876, 3, 'TBA', '8:15', '9:30', 'RRO 216', 10, 0, 0, 0, 327, 302),
('CSCI373003', '', '''ST: Virtual Reality''', 10879, 3, 'TR', '13:20', '15:00', 'RRO 217', 10, 10, 0, 0, 320, 302),
('HWP223.003', '', '''Physical Activity and Health''', 10880, 3, 'TR', '8:15', '9:30', 'SHE 411', 22, 26, 0, 0, 690, 687),
('HWP250.001', '', '''SL:DI: Health Parity:Domestic/Global''', 10881, 3, 'TR', '8:15', '9:30', 'SHE 402', 24, 23, 0, 0, 694, 687),
('HWP250.002', '', '''SL:DI: Health Parity:Domestic/Global''', 10882, 3, 'TR', '9:55', '11:10', 'SHE 402', 24, 24, 0, 0, 695, 687),
('HWP250.003', '', '''SL:DI: Health Parity:Domestic/Global''', 10883, 3, 'TR', '13:20', '14:35', 'SHE 402', 24, 22, 0, 0, 696, 687),
('HWP253.001', '', '''Health and Sexuality''', 10884, 3, 'MW', '14:00', '15:15', 'SHE 411', 24, 28, 0, 0, 697, 687),
('HWP295.001', '', '''Functional Anatomy''', 10885, 4, 'TR', '13:20', '14:35', 'SHE 410', 30, 29, 0, 0, 704, 687),
('HWP295.0L1', '', '''Lab for HWP 295.001''', 10886, 0, 'F', '9:00', '10:50', 'SHE 410', 15, 15, 0, 0, 705, 687),
('HWP295.0L2', '', '''Lab for HWP 295.002''', 10888, 0, 'F', '12:30', '14:20', 'SHE 410', 15, 14, 0, 0, 706, 687),
('HWP323.001', '', '''Workplace Wellness''', 10889, 3, 'TR', '13:20', '14:35', 'SHE 407', 22, 14, 0, 0, 708, 687),
('HWP335.001', '', '''Health Communications''', 10890, 3, 'TR', '15:15', '16:30', 'SHE 411', 24, 27, 0, 0, 709, 687),
('HWP335.001', '', '''Health Communications''', 10890, 3, 'TR', '15:15', '16:30', 'KAR 038', 24, 27, 0, 0, 710, 687),
('HWP335.002', '', '''Health Communications''', 10891, 3, 'TR', '15:15', '16:30', 'KAR 038', 24, 23, 0, 0, 711, 687),
('HWP335.002', '', '''Health Communications''', 10891, 3, 'TR', '15:15', '16:30', 'SHE 406', 24, 23, 0, 0, 712, 687),
('HWP360.001', '', '''SL: Aging, Health, Active Living''', 10893, 4, 'TR', '9:55', '11:10', 'SHE 306', 20, 16, 0, 0, 714, 687),
('HWP360.001', '', '''SL: Aging, Health, Active Living''', 10893, 4, 'TR', '9:55', '11:10', 'SHE 407', 20, 16, 0, 0, 715, 687),
('HWP360.0L1', '', '''Lab for HWP 360.001''', 10894, 0, 'TR', '11:15', '12:05', 'SHE 306', 20, 16, 0, 0, 716, 687),
('HWP360.0L1', '', '''Lab for HWP 360.001''', 10894, 0, 'TR', '11:15', '12:05', 'SHE 411', 20, 16, 0, 0, 717, 687),
('HWP459.002', '', '''Senior Seminar in HWP''', 10897, 3, 'MW', '14:00', '15:15', 'SHE 410', 15, 17, 0, 0, 723, 687),
('HW172001', '', '''ST: Taekwon-Do I - CANCELLED''', 10898, 2, 'TBA', '11:00', '12:15', 'TBA', 0, 0, 0, 0, 682, 683),
('HW172002', '', '''ST: Taekwon-Do II - CANCELLED''', 10899, 2, 'TBA', '11:00', '12:15', 'TBA', 0, 0, 0, 0, 683, 683),
('HW172003', '', '''ST: Taekwon-Do III - CANCELLED''', 10900, 2, 'TBA', '11:00', '12:15', 'TBA', 0, 0, 0, 0, 684, 683),
('HW172004', '', '''ST: Taekwon-Do IV - CANCELLED''', 10901, 2, 'TBA', '11:00', '12:15', 'TBA', 0, 0, 0, 0, 685, 683),
('DAN173002', '', '''ST: Contact Improvisation''', 10902, 3, 'MW', '12:30', '13:45', 'SHE 351', 25, 11, 0, 0, 329, 329),
('DAN173003', '', '''ST: Yoga''', 10903, 3, 'TR', '9:55', '11:10', 'SHE 351', 25, 25, 0, 0, 330, 329),
('SOC305.001', '', '''Internship in Soc/Anth''', 10904, 1, 'TR', '8:00', '9:40', 'ZAG 236', 15, 0, 0, 0, 1282, 1265),
('SOC305.002', '', '''Internship in Soc/Anth''', 10905, 2, 'TR', '8:00', '9:40', 'ZAG 236', 15, 6, 0, 0, 1283, 1265),
('SOC305.003', '', '''Internship in Soc/Anth''', 10906, 3, 'TR', '8:00', '9:40', 'ZAG 236', 15, 1, 0, 0, 1284, 1265),
('SOC305.004', '', '''Internship in Soc/Anth''', 10907, 4, 'TR', '8:00', '9:40', 'ZAG 236', 15, 4, 0, 0, 1285, 1265),
('HIST315.001', '', '''North Carolina History''', 10912, 4, 'TR', '15:15', '16:55', 'WHI 016', 22, 19, 0, 0, 552, 543),
('HIST374002', '', '''ST: Digital History''', 10914, 4, 'MW', '9:30', '10:45', 'WHI 013', 22, 12, 0, 0, 553, 543),
('HIST374002', '', '''ST: Digital History''', 10914, 4, 'F', '9:30', '10:45', 'RRO 239', 22, 12, 0, 0, 554, 543),
('ARTH302.001', '', '''Internship in Art History''', 10917, 1, 'TBA', '17:10', '18:50', 'TBA', 5, 0, 0, 0, 104, 102),
('ARTH302.002', '', '''Internship in Art History''', 10918, 2, 'TBA', '17:10', '18:50', 'TBA', 5, 1, 0, 0, 105, 102),
('ARTH302.003', '', '''Internship in Art History''', 10919, 3, 'TBA', '17:10', '18:50', 'TBA', 5, 1, 0, 0, 106, 102),
('ARTH302.004', '', '''Internship in Art History''', 10920, 4, 'TBA', '17:10', '18:50', 'TBA', 5, 2, 0, 0, 107, 102),
('ARTH365.001', '', '''DI: Art Since 1945''', 10923, 4, 'TR', '13:20', '15:00', 'OWE 237', 18, 20, 0, 0, 109, 102),
('ARTH374.001', '', '''ST: Art of Africa, Oceania & the Americas''', 10924, 4, 'TR', '9:55', '11:35', 'OWE 237', 18, 14, 0, 0, 110, 102),
('ARTH460.001', '', '''Issues in Art History: Global Contemporary''', 10927, 4, 'M', '15:30', '18:40', 'OWE 237', 18, 7, 0, 0, 111, 102),
('ARTH485.001', '', '''Senior Research Seminar II''', 10928, 4, 'MWF', '12:30', '13:45', 'OWE 237', 10, 5, 0, 0, 113, 102),
('POLS281.001', '', '''International Relations''', 10929, 4, 'TR', '13:20', '15:00', 'ZAG 227', 25, 24, 0, 0, 1179, 1177),
('POLS374001', '', '''ST: SL: Culture, Citizenship, Community''', 10934, 4, 'MW', '15:30', '17:10', 'ZAG 243', 15, 8, 0, 0, 1188, 1177),
('ASIA102.001', '', '''Elementary Chinese II''', 10936, 4, 'MWF', '8:00', '9:15', 'OWE 302A', 25, 24, 0, 0, 129, 130),
('ASIA202.001', '', '''Intermediate Chinese II''', 10937, 4, 'MWF', '9:30', '10:45', 'OWE 302C', 15, 8, 0, 0, 130, 130),
('INTS374001', '', '''ST: DI: Going Global: Religion and International Issues''', 10938, 4, 'TR', '9:55', '11:35', 'KAR 245', 10, 10, 0, 0, 741, 738),
('INTS334.001', '', '''DI:Nation-Building, Identity, and Diversity in South Asia''', 10940, 4, 'MW', '15:30', '17:10', 'OWE 302C', 20, 6, 0, 0, 739, 738),
('CHEM145.0L4', '', '''Lab for CHEM 145.004''', 10941, 0, 'R', '18:00', '18:50', 'CAR 133', 20, 20, 0, 0, 254, 223),
('CHEM145.0L4', '', '''Lab for CHEM 145.004''', 10941, 0, 'R', '19:00', '21:00', 'ZEI 126', 20, 20, 0, 0, 255, 223),
('FREN120.002', '', '''French II''', 10944, 4, 'MW', '11:00', '12:15', 'WHI 012', 22, 19, 0, 0, 516, 513),
('FREN120.0L2', '', '''Lab for FREN 120.002''', 10945, 0, 'F', '11:00', '12:15', 'WHI 012', 22, 19, 0, 0, 517, 513),
('FREN325.001', '', '''Composition/Structural Review''', 10946, 4, 'MW', '12:30', '13:45', 'ZAG 106', 15, 6, 0, 0, 522, 513),
('FREN325.0L1', '', '''Lab for FREN 325.001''', 10947, 0, 'F', '12:30', '13:45', 'ZAG 106', 15, 6, 0, 0, 523, 513),
('FREN341.001', '', '''French Civilization and Lit II''', 10948, 4, 'TR', '9:55', '11:35', 'ZAG 106', 15, 8, 0, 0, 524, 513),
('GERM120.001', '', '''German II''', 10950, 4, 'MW', '9:30', '10:45', 'WHI 117', 22, 10, 0, 0, 529, 530),
('GERM120.0L1', '', '''Lab for GERM 120.001''', 10951, 0, 'F', '9:30', '10:45', 'WHI 117', 22, 10, 0, 0, 530, 530),
('GERM120.002', '', '''German II''', 10952, 4, 'MW', '11:00', '12:15', 'KAR 034', 22, 21, 0, 0, 531, 530),
('GERM120.0L2', '', '''Lab for GERM 120.002''', 10953, 0, 'F', '11:00', '12:15', 'KAR 034', 22, 21, 0, 0, 532, 530),
('GERM130.001', '', '''German for Advanced Beginners''', 10954, 4, 'T', '13:20', '15:00', 'WHI 117', 22, 14, 0, 0, 535, 530),
('GERM130.0L1', '', '''Lab for GERM 130.001''', 10955, 0, 'R', '13:20', '15:00', 'WHI 117', 22, 14, 0, 0, 536, 530),
('GERM220.001', '', '''DI: Intermediate German II''', 10956, 4, 'TR', '9:55', '11:35', 'WHI 014', 15, 8, 0, 0, 537, 530),
('GERM320.001', '', '''DI: Comp/Structural Review II''', 10957, 4, 'MWF', '12:30', '13:45', 'WHI 117', 15, 5, 0, 0, 538, 530),
('PORT120.001', '', '''Portuguese II''', 10959, 4, 'MWF', '9:30', '10:45', 'ZAG 106', 22, 9, 0, 0, 1199, 1199),
('PHIL200001', '', '''Intro to Ethical Theories''', 10960, 4, 'MW', '9:30', '10:45', 'WHI 118', 22, 19, 0, 0, 1137, 1134),
('PHIL200.0R1', '', '''RCT for PHIL 200.001''', 10961, 0, 'F', '9:30', '10:45', 'WHI 118', 22, 19, 0, 0, 1138, 1134),
('PHIL255.001', '', '''Medieval Philosophy''', 10962, 4, 'TR', '13:20', '15:00', 'WHI 118', 22, 10, 0, 0, 1139, 1134),
('PHIL312001', '', '''DI:Applied Ethics: Environmental Ethics''', 10964, 3, 'TR', '8:15', '9:30', 'RRO 106', 5, 6, 0, 0, 1142, 1134),
('PHIL320.001', '', '''Existentialism''', 10966, 4, 'TR', '15:15', '16:55', 'WHI 118', 22, 12, 0, 0, 1144, 1134),
('PHIL352001', '', '''Contemporary Philosophy: Philosophy of Consciousness''', 10967, 4, 'TR', '15:15', '16:55', 'WHI 015', 22, 9, 0, 0, 1145, 1134),
('ECON301.001', '', '''Intermediate Macroeconomics''', 10970, 3, 'TR', '15:15', '16:30', 'KAR 035', 22, 26, 0, 0, 394, 387),
('ECON305.001', '', '''Private Finance''', 10971, 3, 'MWF', '14:00', '14:50', 'KAR 034', 22, 23, 0, 0, 396, 387),
('ECON314.001', '', '''Economic Growth & Development''', 10972, 3, 'TR', '9:55', '11:10', 'KAR 035', 22, 24, 0, 0, 399, 387),
('ECON345.001', '', '''Economics of Natural Resources''', 10973, 3, 'MW', '12:30', '13:45', 'KAR 033', 22, 23, 0, 0, 400, 387),
('ECON3730X2', '', '''ST: SL:Service Learning Econ''', 10974, 3, 'TBA', '8:25', '9:40', 'TBA', 20, 15, 0, 0, 404, 387),
('ACCT216.003', '', '''Principles of Accounting II''', 10975, 3, 'MW', '11:00', '12:15', 'OWE 202', 22, 17, 0, 0, 7, 1),
('ECON4710X1', '', '''ST: Service Leaning in Econ II''', 10976, 1, 'TBA', '14:00', '15:15', 'TBA', 10, 0, 0, 0, 408, 387),
('ECON480.002', '', '''Senior Research in Economics''', 10977, 3, 'MW', '15:30', '16:45', 'KAR 150', 8, 5, 0, 0, 410, 387),
('ACCT415.001', '', '''Auditing''', 10979, 3, 'TR', '9:55', '11:10', 'OWE 203', 21, 22, 0, 0, 16, 1),
('MGMT230.003', '', '''Organizational Behavior & Theory''', 10981, 4, 'MWF', '12:30', '13:45', 'OWE 229', 20, 20, 0, 0, 924, 919),
('MGMT357.001', '', '''Promotion Management''', 10982, 2, 'TR', '13:20', '14:10', 'OWE 250', 20, 20, 0, 0, 930, 919),
('MGMT388.001', 'F', '''Strategies for Leading Change''', 10983, 2, 'TR', '13:20', '15:00', 'OWE 229', 20, 20, 0, 0, 938, 919),
('MGMT403.001', 'F', '''Global Finance and Marketing''', 10984, 2, 'TR', '8:00', '9:40', 'OWE 203', 23, 24, 0, 0, 941, 919),
('MGMT458.001', 'F', '''Marketing Strategy''', 10985, 2, 'MW', '15:30', '17:10', 'ZAG 246', 18, 17, 0, 0, 944, 919),
('MGMT464.001', 'L', '''Project Management''', 10986, 2, 'TR', '19:00', '20:40', 'OWE 203', 20, 4, 0, 0, 945, 919),
('MGMT481.001', 'L', '''Leadership in Organizations''', 10988, 2, 'TR', '15:15', '16:55', 'OWE 229', 20, 13, 0, 0, 949, 919),
('ARTS310002', '', '''ARTS: The Arts & Being Human''', 10989, 3, 'MW', '9:30', '10:45', 'CAR 102', 25, 24, 0, 0, 116, 115),
('ARTS310007', '', '''ARTS: Environmental Art''', 10990, 3, 'TR', '13:20', '14:35', 'KAR 245', 20, 20, 0, 0, 121, 115),
('ENG520.002', '', '''Poetry Workshop: The Prose Poem''', 10992, 3, 'W', '18:00', '20:30', 'ZAG 236', 10, 6, 0, 0, 453, 452),
('ENG520.002', '', '''Poetry Workshop: The Prose Poem''', 10992, 3, 'W', '18:00', '20:30', 'ZAG 236', 10, 6, 0, 0, 454, 452),
('MLAS500.001', '', '''The Human Condition: Literature and Excess''', 10993, 3, 'M', '18:00', '20:30', 'ZAG 236', 10, 7, 0, 0, 954, 955),
('MLAS500.001', '', '''The Human Condition: Literature and Excess''', 10993, 3, 'M', '18:00', '20:30', 'ZAG 236', 10, 7, 0, 0, 955, 955),
('CLAS104.001', '', '''Greek II''', 10995, 4, 'MWF', '14:00', '15:15', 'WHI 111', 15, 7, 0, 0, 293, 291),
('LANG120.L17', '', '''Lab for LANG 120.017''', 11001, 0, 'W', '17:00', '18:40', 'KAR 241', 18, 18, 0, 0, 804, 772),
('LIT346001', '', '''ARTS:DI:Gender & the American Road Narrative''', 11003, 4, 'TR', '13:20', '15:00', 'KAR 221', 22, 21, 0, 0, 828, 817),
('LIT364001', '', '''DI: Postcolonial Lit: Literatures of Oceania''', 11005, 4, 'W', '18:00', '21:30', 'KAR 221', 25, 22, 0, 0, 829, 817),
('BIOL210.001', '', '''Principles of Zoology''', 11008, 4, 'TR', '9:55', '11:10', 'ZEI 014', 45, 45, 0, 0, 186, 171),
('BIOL210.002', '', '''Principles of Zoology''', 11009, 4, 'MWF', '9:00', '9:50', 'KAR 038', 45, 49, 0, 0, 187, 171),
('BIOL210.0L1', '', '''Principles of Zoology Lab''', 11010, 0, 'M', '12:30', '15:00', 'ZEI 229', 18, 20, 0, 0, 188, 171),
('BIOL210.0L2', '', '''Principles of Zoology Lab''', 11011, 0, 'T', '13:20', '15:50', 'ZEI 229', 18, 19, 0, 0, 189, 171),
('BIOL210.0L3', '', '''Principles of Zoology Lab''', 11012, 0, 'W', '12:30', '15:00', 'ZEI 229', 18, 18, 0, 0, 190, 171),
('BIOL210.0L4', '', '''Principles of Zoology Lab''', 11013, 0, 'W', '15:30', '18:00', 'ZEI 229', 18, 19, 0, 0, 191, 171);
INSERT INTO `courseinfo` (`codeCourses`, `term`, `titleCourses`, `crn`, `hours`, `days`, `startTime`, `endTime`, `location`, `lmt`, `enr`, `wlCap`, `wlAct`, `idCourse`, `idDepartments`) VALUES
('BIOL210.0L5', '', '''Principles of Zoology Lab''', 11014, 0, 'R', '13:20', '15:50', 'ZEI 229', 18, 18, 0, 0, 192, 171),
('BIOL338.001', '', '''Mammalian Physiology''', 11017, 4, 'MWF', '10:00', '10:50', 'ZEI 123', 34, 37, 0, 0, 196, 171),
('BIOL338.0L1', '', '''Mammalian Physiology Lab''', 11018, 0, 'M', '14:00', '16:30', 'ZEI 327', 17, 18, 0, 0, 197, 171),
('BIOL338.0L2', '', '''Mammalian Physiology Lab''', 11019, 0, 'T', '13:45', '16:15', 'ZEI 327', 17, 19, 0, 0, 198, 171),
('BIOL339.001', '', '''Microbiology''', 11020, 4, 'TR', '9:55', '11:10', 'CAR 132', 36, 36, 0, 0, 199, 171),
('BIOL339.0L1', '', '''Microbiology Lab''', 11021, 0, 'M', '14:00', '16:30', 'ZEI 224', 18, 18, 0, 0, 200, 171),
('BIOL339.0L2', '', '''Microbiology Lab''', 11022, 0, 'T', '13:20', '15:50', 'ZEI 224', 18, 18, 0, 0, 201, 171),
('BIOL360.001', '', '''Animal Behavior''', 11023, 4, 'TR', '8:15', '9:30', 'ZEI 123', 18, 18, 0, 0, 204, 171),
('BIOL360.0L1', '', '''Lab for BIOL 360.001''', 11024, 0, 'F', '12:30', '15:00', 'ZEI 323', 18, 18, 0, 0, 205, 171),
('BIOL442.001', '', '''Forest Ecology''', 11026, 4, 'MW', '9:30', '10:45', 'ZEI 228', 13, 14, 0, 0, 210, 171),
('BIOL442.0L1', '', '''Lab for BIOL 442.001''', 11027, 0, 'M', '12:30', '15:00', 'ZEI 228', 13, 14, 0, 0, 211, 171),
('BIOL444.001', '', '''Biological Biochemistry''', 11028, 4, 'MWF', '12:30', '13:20', 'CAR 132', 16, 16, 0, 0, 212, 171),
('BIOL444.0L1', '', '''Lab for BIOL 444.001''', 11029, 0, 'R', '13:20', '15:50', 'ZEI 224', 16, 16, 0, 0, 213, 171),
('BIOL473001', '', '''ST: Biological Biochemistry''', 11030, 3, 'MWF', '12:30', '13:20', 'CAR 132', 16, 6, 0, 0, 214, 171),
('HUM124.006', '', '''The Ancient World''', 11031, 4, 'M', '11:00', '12:15', 'WHI 016', 22, 22, 0, 0, 583, 574),
('HUM124.0R6', '', '''RCT for HUM 124.006''', 11032, 0, 'WF', '11:00', '12:15', 'ZAG 244', 22, 22, 0, 0, 584, 574),
('HUM324.0R3', '', '''RCT for HUM 324.003''', 11039, 0, 'MW', '8:00', '9:15', 'CAR 102', 22, 23, 0, 0, 638, 574),
('PSYC290.001', '', '''Psychology: Past and Present''', 11040, 3, 'TR', '9:55', '11:10', 'CAR 232', 25, 20, 0, 0, 1216, 1201),
('HUM324.R09', '', '''RCT for HUM 324.009''', 11041, 0, 'MW', '12:30', '13:45', 'KAR 245', 22, 19, 0, 0, 648, 574),
('PSYC322.001', '', '''Sensation and Perception''', 11042, 3, 'WF', '12:30', '13:45', 'CAR 232', 25, 22, 0, 0, 1224, 1201),
('PSYC334.001', '', '''DI: Psychology of Women''', 11043, 4, 'MW', '9:30', '10:45', 'CAR 232', 25, 24, 0, 0, 1232, 1201),
('PSYC334.0L1', '', '''Lab for PSYC 334.001''', 11044, 0, 'F', '9:30', '10:20', 'CAR 232', 25, 24, 0, 0, 1233, 1201),
('PSYC343.001', '', '''Psychology and Law''', 11045, 4, 'TR', '15:15', '16:55', 'CAR 231', 25, 26, 0, 0, 1234, 1201),
('PSYC412001', '', '''Senior Seminar in Psychology and Lab''', 11047, 4, 'TR', '15:15', '16:55', 'CAR 208', 12, 11, 0, 0, 1242, 1201),
('NEUR480.001', '', '''Seminar in Neuroscience''', 11048, 1, 'M', '12:30', '14:10', 'CAR 232', 12, 9, 0, 0, 1091, 1085),
('MUSC101.002', '', '''Class Piano I''', 11049, 2, 'MW', '15:30', '16:20', 'LIP 013', 11, 11, 0, 0, 966, 966),
('MUSC140.001', '', '''ARTS:Music Appreciation''', 11050, 3, 'MW', '9:30', '10:45', 'LIP 024', 20, 16, 0, 0, 986, 966),
('WGSS400.001', '', '''Sr Sem Wom, Gender, Sexuality''', 11052, 4, 'TR', '15:15', '16:55', 'KAR 234', 12, 6, 0, 0, 1364, 1362),
('MUSC201.002', '', '''Aural Skills I''', 11055, 1, 'MW', '15:30', '16:20', 'LIP 044', 16, 16, 0, 0, 1017, 966),
('MUSC201.001', '', '''Aural Skills I''', 11056, 1, 'MW', '10:00', '10:50', 'LIP 044', 16, 15, 0, 0, 1016, 966),
('MUSC231.001', '', '''Music Theory I''', 11057, 3, 'TR', '8:15', '9:30', 'LIP 044', 30, 32, 0, 0, 1019, 966),
('MUSC292.005', '', '''Applied Music IV: Guitar''', 11060, 2, 'F', '14:00', '15:15', 'LIP 125', 15, 0, 0, 0, 1035, 966),
('MUSC301.001', '', '''Aural Skills III''', 11064, 1, 'MW', '9:00', '9:50', 'LIP 044', 16, 15, 0, 0, 1039, 966),
('MUSC301.002', '', '''Aural Skills III''', 11065, 1, 'MW', '14:00', '14:50', 'LIP 044', 16, 7, 0, 0, 1040, 966),
('MUSC331.001', '', '''Music Theory III''', 11066, 3, 'TR', '9:55', '11:10', 'LIP 044', 30, 22, 0, 0, 1041, 966),
('MUSC346.001', '', '''ARTS:The Grateful Dead:Music, Counterculture and Society''', 11067, 3, 'TR', '9:55', '11:10', 'LIP 018', 30, 28, 0, 0, 1042, 966),
('MUSC492.001', '', '''Applied Music VIII: Guitar''', 11068, 2, 'F', '14:00', '15:15', 'LIP 125', 15, 1, 0, 0, 1079, 966),
('HWP2730X1', '', '''ST: Functional Anatomy Lab--Cancelled''', 11070, 3, 'TBA', '12:30', '14:20', 'TBA', 0, 0, 0, 0, 700, 687),
('ACCT373001', '', '''SL: Service Learning in Taxation''', 11074, 3, 'TBA', '17:00', '18:50', 'TBA', 15, 14, 0, 0, 14, 1),
('ART374.002', '', '''ST: Advanced Topics Sculpture''', 11079, 4, 'T', '13:20', '16:40', 'OWE 145', 10, 4, 0, 0, 85, 54),
('ETHN100001', '', '''Intro to U.S. Ethnic Studies''', 11082, 4, 'TR', '13:20', '15:00', 'KAR 012', 18, 13, 0, 0, 511, 512),
('CLAS374001', '', '''ST: Roman Comedy: Plautus''', 11083, 4, 'TR', '13:20', '15:00', 'WHI 111', 15, 8, 0, 0, 297, 291),
('MUSC384.001', '', '''Audio Engineering Technology I''', 11086, 2, 'R', '13:20', '15:00', 'LIP 024', 15, 13, 0, 0, 1051, 966),
('MUSC385.001', '', '''Recording Studio Practicum I''', 11087, 1, 'M', '12:30', '14:10', 'LIP 003', 8, 6, 0, 0, 1052, 966),
('MUSC385.002', '', '''Recording Studio Practicum I''', 11088, 1, 'W', '12:30', '14:10', 'LIP 003', 8, 7, 0, 0, 1053, 966),
('MUSC484.001', '', '''Audio Engineering Technology III''', 11089, 2, 'T', '15:15', '16:55', 'LIP 024', 16, 15, 0, 0, 1066, 966),
('MUSC485.001', '', '''Recording Studio Practicum III''', 11090, 1, 'T', '18:30', '20:10', 'LIP 003', 8, 7, 0, 0, 1067, 966),
('MUSC485.002', '', '''Recording Studio Practicum III''', 11091, 1, 'R', '18:30', '20:10', 'LIP 003', 8, 8, 0, 0, 1068, 966),
('ECE109.602', '', '''Intro to Computer Systems''', 11094, 3, 'MW', '15:00', '16:15', 'RRO 112', 94, 80, 0, 0, 367, 368),
('ECE211.602', '', '''Electric Circuits''', 11097, 4, 'MWF', '8:30', '9:20', 'RAM 001', 50, 37, 0, 0, 373, 368),
('ECE211.6L1', '', '''Electric Circuits Lab''', 11099, 0, 'M', '10:35', '12:25', 'RRO 239', 25, 18, 0, 0, 374, 368),
('ECE211.6L2', '', '''Electric Circuits Lab''', 11100, 0, 'T', '9:55', '11:45', 'RAM 001', 25, 19, 0, 0, 375, 368),
('ECE212.602', '', '''Fundamentals of Logic Design''', 11101, 3, 'TR', '8:30', '9:45', 'RAM 001', 76, 42, 0, 0, 376, 368),
('ECE220.602', '', '''Analytical Foundations of Electrical and Computer Engineering''', 11103, 3, 'TR', '15:00', '16:15', 'RAM 001', 54, 39, 0, 0, 377, 368),
('ECE220.6L1', '', '''Analytical Foundations of Electrical and Computer Engineering Lab''', 11105, 0, 'T', '9:55', '11:45', 'RRO 203', 18, 6, 0, 0, 378, 368),
('ECE220.6L2', '', '''Analytical Foundations of Electrical and Computer Engineering Lab''', 11106, 0, 'T', '13:00', '14:50', 'RRO 203', 18, 16, 0, 0, 379, 368),
('ECE220.6L3', '', '''Analytical Foundations of Electrical and Computer Engineering Lab''', 11107, 0, 'R', '9:55', '11:45', 'RRO 203', 18, 17, 0, 0, 380, 368),
('ECE310.602', '', '''Design of Complex Digital Systems''', 11108, 3, 'MW', '16:30', '17:45', 'RRO 112', 36, 37, 0, 0, 381, 368),
('ECE310.6L1', '', '''Design of Complex Digital Systems Lab''', 11109, 0, 'W', '9:30', '11:20', 'RRO 203', 18, 19, 0, 0, 382, 368),
('ECE310.6L2', '', '''Design of Complex Digital Systems Lab''', 11110, 0, 'F', '9:30', '11:20', 'RRO 203', 18, 18, 0, 0, 383, 368),
('ECE455.602', '', '''Industrial Robotic Systems''', 11113, 3, 'TR', '16:30', '17:45', 'RRO 112', 36, 32, 0, 0, 384, 368),
('MAE208.602', '', '''Engineering Dynamics''', 11118, 3, 'MW', '13:30', '14:45', 'RRO 112', 36, 35, 0, 0, 841, 841),
('MAE316.602', '', '''Strength of Mechanic Component''', 11119, 3, 'MW', '11:45', '13:00', 'RRO 112', 36, 27, 0, 0, 843, 841),
('MAE435.602', '', '''Principle of Automatic Control''', 11120, 3, 'TR', '13:30', '14:45', 'RRO 112', 36, 21, 0, 0, 844, 841),
('MCOM293001', '', '''Mass Media Workshop: Newspaper''', 11121, 4, 'M', '15:30', '17:10', 'KAR 012', 30, 24, 0, 0, 902, 895),
('MCOM293.0L1', '', '''Lab for MCOM 293.001''', 11122, 0, 'W', '15:30', '17:10', 'KAR 012', 30, 24, 0, 0, 903, 895),
('MCOM393001', '', '''Issues in Media Studies: Media Aesthetics''', 11123, 4, 'MWF', '12:30', '13:45', 'KAR 016', 20, 20, 0, 0, 909, 895),
('LA171007', '', '''ST: Orientation Leadership''', 11127, 1, 'W', '17:00', '18:00', 'KAR 245', 22, 15, 0, 0, 760, 755),
('IST274001', '', '''ST: ARTS:Introduction to Native American Film Studies''', 11130, 4, 'T', '15:15', '18:35', 'ZAG 142', 15, 13, 0, 0, 746, 746),
('CSCI344.001', '', '''Web Technology''', 11131, 3, 'TR', '15:15', '16:55', 'KAR 037', 20, 20, 0, 0, 315, 302),
('MUSC294.001', '', '''Harmony and Improvisation II''', 11132, 2, 'MW', '9:00', '9:50', 'LIP 013', 14, 6, 0, 0, 1036, 966),
('MUSC294.002', '', '''Harmony and Improvisation II''', 11133, 2, 'MW', '10:00', '10:50', 'LIP 013', 14, 11, 0, 0, 1037, 966),
('MUSC349.001', '', '''Music History & Lit Since 1750''', 11137, 3, 'TR', '8:15', '9:30', 'LIP 018', 30, 19, 0, 0, 1044, 966),
('BIOL499.001', '', '''Lab Assistantship in Biology''', 11139, 2, 'TBA', '13:00', '16:00', 'ZEI 226', 8, 4, 0, 0, 221, 171),
('ENVR373004', '', '''ST: Air Pollution and Impacts''', 11147, 3, 'TR', '19:00', '20:15', 'RRO 238', 6, 6, 0, 0, 482, 456),
('LA171008', '', '''ST: Spring Opportunity for Academic Readiness (SOAR)''', 11148, 1, 'T', '13:20', '14:10', 'RRO 106', 0, 10, 0, 0, 761, 755),
('MUSC488.001', '', '''Directed Studio Projects''', 11150, 3, 'T', '13:20', '14:10', 'LIP 003', 5, 2, 0, 0, 1069, 966),
('ECE455.6L1', '', '''Industrial Robotic Systems Lab''', 11151, 0, 'M', '9:30', '11:20', 'RRO 001B', 36, 32, 0, 0, 385, 368),
('NM499.001', '', '''Undergraduate Research in NM''', 11159, 4, 'TBA', '15:15', '16:55', 'TBA', 5, 4, 0, 0, 1132, 1094),
('CSCI181.004', '', '''Intro Prog for Numeric Appl''', 11161, 3, 'MWF', '15:30', '16:45', 'KAR 037', 20, 17, 0, 0, 305, 302),
('ANTH499.002', '', '''Undergraduate Research in ANTH''', 11168, 4, 'TBA', '9:55', '11:35', 'TBA', 5, 2, 0, 0, 51, 29),
('GERM120.003', '', '''German II''', 11170, 4, 'T', '9:55', '11:35', 'WHI 117', 22, 17, 0, 0, 533, 530),
('GERM120.0L3', '', '''Lab for GERM 120.003''', 11171, 0, 'R', '9:55', '11:35', 'WHI 117', 22, 17, 0, 0, 534, 530),
('ART367.0X1', '', '''Photographic Lab Management''', 11173, 1, 'W', '12:30', '15:50', 'OWE 102', 3, 1, 0, 0, 83, 54),
('MGMT230.004', '', '''Organizational Behavior & Theory''', 11174, 4, 'TR', '19:00', '20:40', 'OWE 229', 20, 18, 0, 0, 925, 919),
('ART499.001', '', '''Undergrad Research in Art''', 11184, 1, 'TBA', '9:45', '12:15', 'TBA', 1, 1, 0, 0, 100, 54),
('CHEM145.002', '', '''Quantitative Chem Laboratory''', 11187, 1, 'F', '14:00', '14:50', 'RRO 125', 24, 23, 0, 0, 245, 223),
('CHEM145.003', '', '''Quantitative Chem Laboratory''', 11188, 1, 'F', '14:00', '14:50', 'RRO 125', 24, 23, 0, 0, 246, 223),
('CHEM145.004', '', '''Quantitative Chem Laboratory''', 11189, 1, 'F', '14:00', '14:50', 'RRO 125', 20, 20, 0, 0, 247, 223),
('NM231.002', '', '''Intro Web Page/Interact.Design''', 11197, 4, 'TR', '13:20', '14:35', 'ZEI 203', 18, 17, 0, 0, 1105, 1094),
('NM251.002', '', '''Introduction to Motion Media''', 11198, 4, 'T', '17:20', '20:15', 'ZEI 203', 20, 21, 0, 0, 1109, 1094),
('ENVR130.005', '', '''Intro to Environmental Science''', 11211, 3, 'TR', '19:00', '20:15', 'RRO 106', 35, 21, 0, 0, 463, 456),
('POLS374002', '', '''ST: African American Politics''', 11212, 4, 'MW', '17:15', '18:55', 'ZAG 227', 20, 7, 0, 0, 1189, 1177),
('HWP310.001', '', '''SL: Community Health Promotion: Theory and Practice''', 11227, 3, 'TR', '9:55', '11:10', 'SHE 406', 22, 18, 0, 0, 707, 687),
('UNCX530.001', '', '''UNC Exchange''', 11235, 3, 'TBA', '12:30', '13:45', 'TBA', 10, 0, 0, 0, 1352, 1348),
('UNCX530.001', '', '''UNC Exchange''', 11235, 3, 'TBA', '12:30', '13:45', 'TBA', 10, 0, 0, 0, 1353, 1348),
('EDUC314.002', '', '''SL:Multiple Literacies in Content Area Classrooms''', 11238, 3, 'MW', '15:30', '16:45', 'ZAG 140', 22, 12, 0, 0, 424, 414),
('ENVR499.002', '', '''Undergrad Research in ENVR''', 11250, 3, 'TBA', '17:10', '18:00', 'TBA', 2, 2, 0, 0, 502, 456),
('MATH499.001', '', '''Undergraduate Research in MATH''', 11286, 3, 'TBA', '15:15', '16:55', 'TBA', 3, 3, 0, 0, 891, 846),
('MUSC492.002', '', '''Applied Music VIII: Piano''', 11288, 2, 'F', '14:00', '15:15', 'LIP 125', 15, 1, 0, 0, 1080, 966),
('MUSC191.015', '', '''Applied Music I: TBA''', 11299, 2, 'F', '14:00', '15:15', 'LIP 125', 15, 0, 0, 0, 1001, 966),
('ENVR499.003', '', '''Undergrad Research in ENVR''', 11304, 3, 'TBA', '17:10', '18:00', 'TBA', 3, 2, 0, 0, 503, 456),
('POLS400.002', '', '''Internship''', 11313, 4, 'TR', '8:00', '9:40', 'ZAG 243', 10, 4, 0, 0, 1194, 1177),
('WGSS100.003', '', '''Intro Women, Gender, Sexuality''', 11314, 4, 'TR', '15:15', '16:55', 'KAR 221', 19, 18, 0, 0, 1363, 1362),
('DAN173001', '', '''ST: Contemporary Dance''', 11315, 3, 'MW', '9:30', '10:45', 'SHE 351', 25, 17, 0, 0, 328, 329),
('DAN173.0L3', '', '''Lab for Yoga''', 11316, 0, 'F', '11:30', '12:30', 'SHE 351', 25, 25, 0, 0, 333, 329),
('DAN173.0L2', '', '''Lab for Contact Improvisation''', 11317, 0, 'F', '14:50', '16:10', 'SHE 351', 25, 11, 0, 0, 332, 329),
('DAN173004', '', '''ST: Caribbean & African Dance Forms''', 11318, 3, 'TR', '13:20', '14:35', 'SHE 351', 25, 14, 0, 0, 331, 329),
('DAN373001', '', '''ST: Choreographing Gender and Identity''', 11319, 3, 'TR', '15:15', '16:30', 'SHE 351', 20, 6, 0, 0, 336, 329),
('DAN373.0L1', '', '''Lab for Choreographing Gender & Identity''', 11320, 0, 'F', '12:40', '14:40', 'SHE 351', 20, 6, 0, 0, 337, 329),
('CLAS316001', '', '''ARTS: Roman Art''', 11321, 4, 'MWF', '9:30', '10:45', 'OWE 237', 10, 10, 0, 0, 295, 291),
('CLAS356.001', '', '''DI: Ancient Sexuality''', 11322, 4, 'TR', '9:55', '11:35', 'WHI 111', 25, 24, 0, 0, 296, 291),
('JEM180.6L1', '', '''Intro Mechatronics Lab''', 11325, 2, 'MW', '12:30', '14:20', 'RRO 001B', 20, 11, 0, 0, 748, 749),
('JEM180.6L2', '', '''Intro Mechatronics Lab''', 11326, 2, 'MW', '16:30', '18:20', 'RRO 001B', 20, 19, 0, 0, 749, 749),
('JEM180.6L3', '', '''Intro Mechatronics Lab''', 11327, 2, 'TR', '13:10', '15:00', 'RRO 001B', 20, 20, 0, 0, 750, 749),
('JEM180.6L4', '', '''Intro Mechatronics Lab''', 11328, 2, 'TR', '15:15', '17:05', 'RRO 001B', 20, 19, 0, 0, 751, 749),
('JEM485.602', '', '''Sr Dsgn Proj Mechatronics II''', 11329, 3, 'F', '12:30', '15:20', 'RRO 001B', 31, 31, 0, 0, 752, 749),
('JEM485.602', '', '''Sr Dsgn Proj Mechatronics II''', 11329, 3, 'MW', '14:30', '16:10', 'RRO 001B', 31, 31, 0, 0, 753, 749),
('MATH368.001', '', '''Theory of Numbers''', 11330, 3, 'TR', '9:55', '11:10', 'RRO 212', 25, 13, 0, 0, 879, 846),
('MATH373.001', '', '''ST: Complex Dynamics''', 11331, 3, 'MW', '12:30', '13:45', 'RRO 316', 15, 10, 0, 0, 881, 846),
('MATH395.001', '', '''Partial Differential Equations''', 11332, 3, 'MW', '9:30', '10:45', 'RRO 212', 25, 23, 0, 0, 885, 846),
('MATH452.001', '', '''Intro to Mathematical Models''', 11333, 3, 'TR', '13:20', '14:35', 'RRO 212', 25, 11, 0, 0, 886, 846),
('MATH462.001', '', '''Abstract Algebra II''', 11334, 3, 'MW', '14:00', '15:15', 'RRO 316', 25, 7, 0, 0, 888, 846),
('STAT327.001', '', '''Applied Multivariate Analysis''', 11335, 3, 'TR', '13:20', '14:35', 'RRO 211', 25, 5, 0, 0, 1345, 1330),
('STAT426.001', '', '''Intro to Mathematical Stat''', 11336, 3, 'MW', '12:30', '13:45', 'RRO 212', 20, 18, 0, 0, 1346, 1330),
('CLAS174001', '', '''ST: Hebrew II''', 11337, 4, 'TR', '9:55', '11:35', 'WHI 132', 20, 3, 0, 0, 294, 291),
('CLAS474001', '', '''ST: Greek Historians''', 11338, 4, 'MW', '15:30', '17:10', 'WHI 132', 10, 3, 0, 0, 299, 291),
('NM174001', '', '''ST: Traditional Animation: Early Serial Imagery and Motion''', 11339, 4, 'M', '17:20', '20:15', 'ZEI 203', 16, 16, 0, 0, 1101, 1094),
('NM174.0L1', '', '''Lab for NM 174.001''', 11340, 0, 'M', '20:16', '20:40', 'ZEI 203', 16, 16, 0, 0, 1102, 1094),
('RELS384.001', '', '''Judaism, Christianity, Islam''', 11342, 4, 'TR', '13:20', '15:00', 'ZAG 246', 20, 18, 0, 0, 1258, 1256),
('RELS386.001', '', '''DI: Buddhism''', 11343, 4, 'MWF', '9:30', '10:45', 'ZAG 246', 20, 21, 0, 0, 1259, 1256),
('RELS387.001', '', '''Religion & Culture of Judaism''', 11344, 4, 'TR', '15:15', '16:55', 'ZAG 246', 20, 8, 0, 0, 1260, 1256),
('RELS388001', '', '''Introduction to Islam''', 11345, 4, 'MW', '15:30', '17:10', 'WHI 013', 10, 5, 0, 0, 1261, 1256),
('DRAM111.001', '', '''Introduction to Acting I''', 11346, 3, 'TR', '13:20', '15:00', 'WHI 103', 18, 18, 0, 0, 340, 339),
('DRAM240.001', '', '''Survey of Theatre History''', 11349, 3, 'MWF', '10:00', '10:50', 'WHI 015', 20, 12, 0, 0, 355, 339),
('DRAM415001', '', '''Acting Investigations: Acting for Film''', 11351, 3, 'MF', '12:30', '13:45', 'SHE 411', 16, 11, 0, 0, 358, 339),
('PHIL305.001', '', '''Philosophy of Law''', 11352, 4, 'MWF', '12:30', '13:45', 'WHI 118', 22, 21, 0, 0, 1140, 1134),
('PHIL308001', '', '''Philosophy of Literature''', 11353, 4, 'TR', '9:55', '11:35', 'WHI 119', 17, 4, 0, 0, 1141, 1134),
('PHIL317001', '', '''Africana Philosophy''', 11354, 4, 'MW', '15:30', '17:10', 'WHI 118', 12, 7, 0, 0, 1143, 1134),
('AFST317001', '', '''Africana Philosophy''', 11355, 4, 'MW', '15:30', '17:10', 'WHI 118', 10, 2, 0, 0, 25, 22),
('ART122.003', '', '''Two-Dimensional Design''', 11356, 4, 'MF', '9:00', '10:40', 'CAR 104', 18, 18, 0, 0, 55, 54),
('ART264.002', '', '''Photography I: Digital''', 11357, 4, 'T', '13:20', '16:40', 'OWE 102', 11, 11, 0, 0, 70, 54),
('ART451.001', '', '''Creative Art Methods (K-12)''', 11358, 3, 'TR', '15:15', '16:30', 'ZAG 226', 18, 3, 0, 0, 90, 54),
('ARTH202.002', '', '''Introduction to Art History II''', 11359, 4, 'TR', '17:10', '18:50', 'OWE 237', 18, 19, 0, 0, 103, 102),
('LANG260003', '', '''Intro to Creative Writing''', 11360, 4, 'TR', '13:20', '15:00', 'KAR 232', 20, 20, 0, 0, 810, 772),
('LANG361.001', '', '''Poetry Writing Workshop''', 11361, 4, 'MWF', '14:00', '15:15', 'KAR 206', 12, 13, 0, 0, 811, 772),
('LANG363.001', '', '''Fiction Writing Workshop''', 11362, 4, 'MW', '15:30', '17:10', 'KAR 234', 15, 12, 0, 0, 812, 772),
('LIT328001', '', '''DI: Native American Literatures''', 11363, 4, 'TR', '15:15', '16:55', 'KAR 241', 20, 20, 0, 0, 821, 817),
('LIT374001', '', '''ST: Readings in Film: Queer Cinema''', 11364, 4, 'TR', '17:10', '18:50', 'KAR 221', 20, 13, 0, 0, 834, 817),
('LIT443001', '', '''Studies in the Renaissance Lit: Reading Rogues, Vagrants, and Other Outsiders''', 11365, 4, 'TR', '13:20', '15:00', 'KAR 234', 15, 11, 0, 0, 836, 817),
('LIT474.001', '', '''ST: Senior Seminar''', 11366, 4, 'MW', '15:30', '17:10', 'KAR 232', 15, 11, 0, 0, 837, 817),
('LIT497.001', '', '''Senior Seminar I''', 11367, 2, 'F', '14:00', '15:40', 'KAR 234', 10, 10, 0, 0, 839, 817),
('MUSC296.001', '', '''Jazz and Contemporary Theory & Practice II''', 11368, 2, 'MW', '11:00', '11:50', 'LIP 018', 15, 4, 0, 0, 1038, 966),
('MUSC394.001', '', '''Harmony and Improvisation IV''', 11369, 4, 'MWF', '10:00', '10:50', 'LIP 018', 14, 5, 0, 0, 1064, 966),
('MUSC394.001', '', '''Harmony and Improvisation IV''', 11369, 4, 'F', '12:30', '13:45', 'LIP 018', 14, 5, 0, 0, 1065, 966),
('HIST101.001', 'F', '''The United States to 1865''', 11370, 2, 'TR', '13:20', '15:00', 'WHI 013', 22, 20, 0, 0, 542, 543),
('HIST102.001', 'L', '''The United States Since 1865''', 11371, 2, 'TR', '13:20', '15:00', 'WHI 013', 22, 17, 0, 0, 544, 543),
('HIST101.002', 'F', '''The United States to 1865''', 11372, 2, 'MWF', '12:30', '13:45', 'WHI 016', 22, 14, 0, 0, 543, 543),
('HIST102.002', 'L', '''The United States Since 1865''', 11373, 2, 'MWF', '12:30', '13:45', 'WHI 016', 22, 16, 0, 0, 545, 543),
('HIST151.001', 'F', '''World Civilization to 1500''', 11374, 2, 'MWF', '9:30', '10:45', 'WHI 016', 22, 10, 0, 0, 546, 543),
('HIST151.002', 'F', '''World Civilization to 1500''', 11375, 2, 'MWF', '12:30', '13:45', 'WHI 013', 22, 7, 0, 0, 547, 543),
('HIST302.001', '', '''DI: African American History: 1865-Present''', 11376, 4, 'TR', '9:55', '11:35', 'WHI 013', 22, 16, 0, 0, 551, 543),
('HIST374003', '', '''ST: The First World War''', 11378, 4, 'MWF', '14:00', '15:15', 'WHI 016', 22, 18, 0, 0, 555, 543),
('HIST384.001', '', '''History of Japan''', 11379, 4, 'MWF', '8:00', '9:15', 'WHI 013', 22, 23, 0, 0, 557, 543),
('HIST388001', '', '''Introduction to Islam''', 11380, 4, 'MW', '15:30', '17:10', 'WHI 013', 19, 19, 0, 0, 558, 543),
('HIST391.001', '', '''DI: History of Atlantic World''', 11381, 4, 'TR', '15:15', '16:55', 'WHI 013', 22, 17, 0, 0, 559, 543),
('HIST394.001', '', '''Food in the Muslim World''', 11382, 4, 'W', '18:00', '21:20', 'WHI 016', 22, 17, 0, 0, 560, 543),
('NM231.0L2', '', '''Lab for NM 231.002''', 11383, 0, 'TR', '14:36', '15:00', 'ZEI 203', 18, 17, 0, 0, 1106, 1094),
('NM251.0L2', '', '''Lab for NM 251.002''', 11384, 0, 'T', '20:16', '20:40', 'ZEI 203', 20, 21, 0, 0, 1110, 1094),
('HIST152.001', 'L', '''World Civilization Since 1500''', 11385, 2, 'MWF', '9:30', '10:45', 'WHI 016', 22, 6, 0, 0, 548, 543),
('HIST152.002', 'L', '''World Civilization Since 1500''', 11386, 2, 'MWF', '12:30', '13:45', 'WHI 013', 22, 10, 0, 0, 549, 543),
('ATMS315.001', '', '''Radar and Satellite Meteorolog''', 11387, 3, 'TR', '9:55', '11:10', 'RRO 238', 18, 6, 0, 0, 153, 147),
('ATMS325.001', '', '''Geographic Info Systems''', 11388, 3, 'MW', '11:00', '12:15', 'RRO 209', 12, 6, 0, 0, 154, 147),
('ATMS373001', '', '''ST: Mountain Meteorology''', 11389, 3, 'TR', '17:10', '18:25', 'RRO 239', 18, 5, 0, 0, 156, 147),
('ATMS373002', '', '''ST: Air Pollution & Impacts''', 11390, 3, 'TR', '19:00', '20:15', 'RRO 238', 6, 3, 0, 0, 157, 147),
('ATMS420.001', '', '''Applied Climatology''', 11391, 3, 'MW', '17:00', '18:15', 'RRO 239', 18, 6, 0, 0, 163, 147),
('ATMS499.004', '', '''Undergrad Res in Atms''', 11392, -5, 'TBA', '15:15', '16:30', 'TBA', 10, 9, 0, 0, 169, 147),
('ENVR234.002', '', '''Energy and Society''', 11393, 3, 'TR', '9:55', '11:10', 'RRO 103', 30, 30, 0, 0, 465, 456),
('ENVR333.001', '', '''Envr, Design and Solar Energy''', 11394, 3, 'W', '18:00', '20:30', 'RRO 103', 20, 20, 0, 0, 473, 456),
('ENVR362.001', '', '''Water Chemistry''', 11395, 4, 'MW', '12:30', '13:45', 'RRO 106', 13, 11, 0, 0, 475, 456),
('ENVR362.0L1', '', '''Lab for ENVR 362.001''', 11396, 0, 'F', '12:30', '15:00', 'RRO 242', 13, 11, 0, 0, 476, 456),
('ENVR373001', '', '''ST: Urban Ecology''', 11401, 3, 'R', '13:20', '16:20', 'RRO 131', 20, 17, 0, 0, 479, 456),
('ENVR373005', '', '''ST: SL: Citizen Science''', 11402, 3, 'MW', '15:30', '16:45', 'RRO 103', 20, 10, 0, 0, 483, 456),
('ENVR373.006', '', '''ST: Invasive Plant Management-Lecture only''', 11403, 3, 'TR', '9:55', '11:10', 'RRO 131', 2, 0, 0, 0, 484, 456),
('ENVR396.001', '', '''Woody Plants in Winter''', 11404, 4, 'MW', '12:30', '13:45', 'RRO 131', 20, 20, 0, 0, 496, 456),
('ENVR396.0L1', '', '''Lab for ENVR 396.001''', 11405, 0, 'W', '14:00', '16:45', 'RRO 131', 20, 20, 0, 0, 497, 456),
('ENVR410.001', '', '''Flotation and Surface Science''', 11406, 4, 'TR', '9:55', '11:10', 'RRO 228', 10, 5, 0, 0, 498, 456),
('ENVR4100L1', '', '''Lab for ENVR 410.001''', 11407, 0, 'W', '14:00', '16:30', 'BUNC ', 10, 5, 0, 0, 499, 456),
('ASTR101.001', '', '''Astronomy''', 11408, 3, 'MW', '14:00', '15:15', 'RRO 125', 48, 49, 0, 0, 133, 134),
('ASTR101.002', '', '''Astronomy''', 11409, 3, 'TR', '9:55', '11:10', 'CAR 133', 44, 37, 0, 0, 134, 134),
('ASTR101.003', '', '''Astronomy''', 11410, 3, 'TR', '13:20', '14:35', 'KAR 038', 48, 45, 0, 0, 135, 134),
('ASTR111.001', '', '''Astronomy Lab''', 11411, 1, 'M', '20:00', '22:30', 'RRO 114', 24, 22, 0, 0, 136, 134),
('ASTR111.001', '', '''Astronomy Lab''', 11411, 1, 'M', '20:00', '22:30', 'OUT QUAD', 24, 22, 0, 0, 137, 134),
('ASTR111.002', '', '''Astronomy Lab''', 11412, 1, 'T', '20:00', '22:30', 'RRO 114', 24, 24, 0, 0, 138, 134),
('ASTR111.002', '', '''Astronomy Lab''', 11412, 1, 'T', '20:00', '22:30', 'OUT QUAD', 24, 24, 0, 0, 139, 134),
('ASTR111.003', '', '''Astronomy Lab''', 11413, 1, 'W', '20:00', '22:30', 'RRO 114', 24, 23, 0, 0, 140, 134),
('ASTR111.003', '', '''Astronomy Lab''', 11413, 1, 'W', '20:00', '22:30', 'OUT QUAD', 24, 23, 0, 0, 141, 134),
('ASTR111.004', '', '''Astronomy Lab''', 11414, 1, 'R', '20:00', '22:30', 'RRO 114', 24, 24, 0, 0, 142, 134),
('ASTR111.004', '', '''Astronomy Lab''', 11414, 1, 'R', '20:00', '22:30', 'OUT QUAD', 24, 24, 0, 0, 143, 134),
('ASTR430.001', '', '''Advanced Topics in Astronomy I''', 11416, 3, 'MW', '15:30', '16:45', 'RRO 228', 16, 7, 0, 0, 145, 134),
('PHYS402.001', '', '''Electromagnetic Theory''', 11417, 3, 'TR', '9:55', '11:35', 'KAR 206', 16, 14, 0, 0, 1173, 1148),
('ENVR390.001', '', '''Wildlife Ecology and Management''', 11418, 4, 'MWF', '9:00', '9:50', 'RRO 131', 20, 20, 0, 0, 494, 456),
('ENVR390.0L1', '', '''Lab for ENVR 390.001''', 11419, 0, 'M', '14:00', '16:45', 'RRO 131', 20, 20, 0, 0, 495, 456),
('CSCI255.001', '', '''Computer Organization''', 11421, 4, 'MF', '12:30', '13:45', 'RRO 228', 36, 28, 0, 0, 310, 302),
('CSCI255.0L1', '', '''Lab for CSCI 255.001''', 11422, 0, 'W', '15:30', '18:00', 'RRO 223', 18, 17, 0, 0, 311, 302),
('CSCI331.001', '', '''Operating Systems''', 11423, 3, 'MW', '12:30', '13:45', 'RRO 217', 28, 29, 0, 0, 313, 302),
('CSCI331.0L1', '', '''Lab for CSCI 331.001''', 11424, 0, 'F', '12:30', '13:45', 'RRO 223', 28, 29, 0, 0, 314, 302),
('CSCI373004', '', '''ST: Advanced Algorithms''', 11425, 3, 'TR', '9:55', '11:35', 'RRO 217', 20, 14, 0, 0, 321, 302),
('CSCI373005', '', '''ST: System Administration''', 11426, 3, 'T', '17:10', '19:40', 'RRO 217', 30, 24, 0, 0, 322, 302),
('CSCI373.0L5', '', '''Cancelled:Lab for CSCI 373.005''', 11427, 0, 'TBA', '17:10', '19:40', 'TBA', 0, 0, 0, 0, 323, 302),
('FREN460.001', '', '''Studies in French Cinema''', 11428, 4, 'TR', '13:20', '15:00', 'WHI 012', 15, 14, 0, 0, 527, 513),
('GERM374.001', '', '''ST: Eine kulinarische Reise''', 11429, 4, 'MWF', '15:30', '16:45', 'WHI 117', 15, 6, 0, 0, 539, 530),
('SPAN230.001', '', '''Intermediate Spanish''', 11430, 4, 'MW', '11:00', '12:15', 'ZAG 140', 15, 17, 0, 0, 1314, 1297),
('SPAN230.0L1', '', '''Lab for SPAN 230.001''', 11431, 0, 'F', '11:00', '12:15', 'ZAG 140', 15, 17, 0, 0, 1315, 1297),
('SPAN230.002', '', '''Intermediate Spanish''', 11432, 4, 'MW', '12:30', '13:45', 'ZAG 246', 15, 14, 0, 0, 1316, 1297),
('SPAN230.0L2', '', '''Lab for SPAN 230.002''', 11433, 0, 'F', '12:30', '13:45', 'ZAG 246', 15, 14, 0, 0, 1317, 1297),
('SPAN374001', '', '''ST: Cuba Today: Visual Art, Literature and History *See Study Abroad to register''', 11434, 4, 'TR', '9:55', '11:35', 'RAM 101', 10, 9, 0, 0, 1323, 1297),
('SPAN483.001', '', '''Iberian and Latin American Transatlantic Studies''', 11435, 4, 'TR', '17:10', '18:50', 'WHI 117', 15, 8, 0, 0, 1327, 1297),
('SPAN492.001', '', '''Topic: Business Spanish''', 11436, 4, 'TR', '13:20', '15:00', 'ZAG 106', 15, 9, 0, 0, 1328, 1297),
('POLS290.0L1', '', '''Lab for POLS 290.001''', 11438, 0, 'F', '14:00', '15:15', 'ZAG 101', 25, 14, 0, 0, 1181, 1177),
('POLS327.001', '', '''Constitutional Law''', 11439, 3, 'TR', '9:55', '11:10', 'ZAG 227', 22, 24, 0, 0, 1182, 1177),
('POLS333.001', '', '''U.S. Courts and Public Policy''', 11440, 4, 'MWF', '9:30', '10:45', 'ZAG 227', 20, 17, 0, 0, 1183, 1177),
('POLS336.001', '', '''Money in Politics in U.S.''', 11441, 4, 'MW', '15:30', '17:10', 'ZAG 227', 22, 22, 0, 0, 1184, 1177),
('POLS349.001', '', '''Political Science Fiction''', 11443, 4, 'T', '17:10', '20:30', 'ZAG 227', 22, 26, 0, 0, 1185, 1177),
('POLS354.001', '', '''Environmental Politics''', 11445, 4, 'TR', '9:55', '11:35', 'ZAG 243', 20, 8, 0, 0, 1186, 1177),
('POLS388.001', '', '''Human Rights and International Politics''', 11446, 3, 'TR', '15:15', '16:30', 'ZAG 227', 22, 24, 0, 0, 1190, 1177),
('POLS393.001', 'F', '''Quantitative Reasoning I''', 11447, 2, 'W', '17:15', '20:30', 'ZAG 243', 15, 9, 0, 0, 1191, 1177),
('POLS394.001', 'L', '''Quantitative Reasoning II''', 11448, 2, 'W', '17:15', '20:30', 'ZAG 243', 15, 9, 0, 0, 1192, 1177),
('NM330.001', '', '''Internet Art''', 11449, 4, 'TR', '13:20', '14:35', 'ZEI 201', 16, 16, 0, 0, 1113, 1094),
('NM330.0L1', '', '''Lab for NM 330.001''', 11450, 0, 'TR', '14:36', '15:00', 'ZEI 201', 16, 16, 0, 0, 1114, 1094),
('EDUC230.001', '', '''SL:Intro Exceptional Children''', 11451, 3, 'MW', '12:30', '13:45', 'ZAG 226', 22, 13, 0, 0, 421, 414),
('EDUC438.001', '', '''K-12 Theatre Arts Tch Methods''', 11453, 2, 'R', '8:00', '9:40', 'ZAG 226', 15, 1, 0, 0, 436, 414),
('EDUC456.003', '', '''Teacher as 21st Century Pro''', 11454, 4, 'W', '17:00', '18:40', 'ZAG 140', 22, 11, 0, 0, 449, 414),
('EDUC456.0L3', '', '''Lab for EDUC 456.003''', 11455, 0, 'W', '19:00', '20:40', 'ZAG 140', 22, 11, 0, 0, 450, 414),
('PSYC290.002', '', '''Psychology: Past and Present''', 11456, 3, 'TR', '13:20', '14:35', 'CAR 232', 25, 25, 0, 0, 1217, 1201),
('PSYC311.001', '', '''DI: Psychology of Prejudice''', 11457, 3, 'TR', '13:20', '14:35', 'CAR 242', 25, 23, 0, 0, 1219, 1201),
('PSYC311.002', '', '''DI: Psychology of Prejudice''', 11458, 3, 'TR', '15:15', '16:30', 'CAR 242', 25, 23, 0, 0, 1220, 1201),
('PSYC322.002', '', '''Sensation and Perception''', 11459, 3, 'WF', '14:00', '15:15', 'CAR 232', 20, 14, 0, 0, 1225, 1201),
('PSYC347.001', '', '''Psychological Testing''', 11460, 4, 'TR', '13:20', '15:00', 'CAR 208', 25, 7, 0, 0, 1235, 1201),
('PSYC355.001', '', '''Psyc of Family Violence''', 11461, 4, 'WF', '9:00', '10:40', 'CAR 242', 25, 29, 0, 0, 1236, 1201),
('HWP154.001', '', '''Women''s Health''', 11462, 3, 'TR', '15:15', '16:30', 'SHE 402', 20, 20, 0, 0, 686, 687),
('HWP271001', '', '''ST: Peers Educating Peers and Advancing Health''', 11463, 1, 'R', '18:00', '18:50', 'KAR 234', 5, 4, 0, 0, 698, 687),
('HWP371.0X1', '', '''ST: Aging Program Lab Assistantship''', 11464, 1, 'TBA', '11:15', '12:05', 'TBA', 10, 0, 0, 0, 718, 687),
('HWP473002', '', '''ST: Strength, Conditioning and Performance''', 11466, 3, 'TR', '9:55', '11:10', 'SHE 408', 10, 9, 0, 0, 728, 687),
('HWP480.001', '', '''Advanced Internship in HWP''', 11467, 3, 'TBA', '15:30', '17:30', 'TBA', 10, 5, 0, 0, 730, 687),
('ECON102.005', '', '''Principles of Microeconomics''', 11468, 3, 'TR', '9:55', '11:10', 'KAR 033', 26, 26, 0, 0, 393, 387),
('ECON302.001', '', '''Intermediate Microeconomics''', 11469, 3, 'MW', '12:30', '13:45', 'KAR 035', 22, 22, 0, 0, 395, 387),
('ECON350.001', '', '''International Trade & Finance''', 11470, 3, 'TR', '13:20', '14:35', 'KAR 035', 22, 23, 0, 0, 401, 387),
('ECON373001', '', '''ST:History of Economic Thought''', 11471, 3, 'TR', '8:25', '9:40', 'KAR 034', 22, 15, 0, 0, 403, 387),
('ARTS178001', '', '''Powerful Stories''', 11472, 3, 'MF', '9:30', '10:45', 'ZAG 137', 0, 17, 0, 0, 114, 115),
('ARTS310008', '', '''ARTS: Science Fiction and Utopia''', 11473, 3, 'R', '15:15', '17:45', 'KAR 127', 15, 15, 0, 0, 122, 115),
('ARTS310009', '', '''ARTS: Aesthetics of Waste: Art in a Society of Consumption''', 11474, 3, 'T', '15:15', '17:45', 'KAR 127', 15, 14, 0, 0, 123, 115),
('ARTS310010', '', '''ARTS: Art of Fashion''', 11475, 3, 'TR', '15:15', '16:30', 'WHI 110', 12, 12, 0, 0, 124, 115),
('ARTS310011', '', '''ARTS: Glass Art: Multicultural Uses and Designs''', 11476, 3, 'T', '15:15', '17:45', 'KAR 232', 15, 19, 0, 0, 125, 115),
('ARTS310012', '', '''ARTS: Visual Culture''', 11477, 3, 'T', '14:00', '16:30', 'CAR 131', 20, 20, 0, 0, 126, 115),
('ARTS310013', '', '''ARTS:Creating STEAM with Teens''', 11478, 3, 'W', '15:30', '18:00', 'OWE 132', 15, 17, 0, 0, 127, 115),
('MLAS560.001', '', '''Climate Change Impacts: Micro to Macro''', 11479, 3, 'T', '18:00', '20:30', 'KAR 033', 10, 7, 0, 0, 957, 955),
('ACCT418.001', '', '''Accounting Theory''', 11480, 3, 'MW', '12:30', '13:45', 'OWE 203', 15, 12, 0, 0, 17, 1),
('ACCT418.002', '', '''Accounting Theory''', 11481, 3, 'MW', '15:30', '16:45', 'OWE 203', 15, 8, 0, 0, 18, 1),
('MGMT357.002', '', '''Promotion Management''', 11483, 2, 'TR', '16:00', '16:50', 'OWE 250', 20, 20, 0, 0, 931, 919),
('MGMT360.001', 'L', '''Found of Entrepreneurship''', 11484, 2, 'MW', '15:30', '17:10', 'ZAG 246', 18, 15, 0, 0, 932, 919),
('MGMT423.001', 'F', '''Seminar in Public Management and Leadership''', 11485, 2, 'TR', '9:55', '11:35', 'OWE 229', 18, 16, 0, 0, 942, 919),
('MGMT424.001', 'L', '''Seminar in Organizational Power and Politics''', 11486, 2, 'TR', '9:55', '11:35', 'OWE 229', 18, 14, 0, 0, 943, 919),
('MGMT472001', 'F', '''ST: Advanced Topics in Global Business''', 11487, 2, 'MWF', '11:00', '12:15', 'OWE 250', 18, 11, 0, 0, 946, 919),
('HON2720H1', '', '''SL: Introduction to Community Engagement in Honors''', 11488, 2, 'MW', '14:00', '14:50', 'KAR 139', 15, 9, 0, 0, 571, 572),
('LIT3730H1', '', '''ST: HON: ARTS: The Heart and the Matter: Poetry and Spirituality''', 11489, 3, 'MW', '9:30', '10:45', 'KAR 139', 15, 14, 0, 0, 832, 817),
('DRAM3730H1', '', '''ST: HON: Evil Genius''', 11490, 3, 'TR', '9:55', '11:10', 'KAR 127', 15, 15, 0, 0, 357, 339),
('FREN3730H1', '', '''ST: HON: Camus: Between Colony and Metropolis''', 11491, 3, 'MW', '12:30', '13:45', 'KAR 139', 15, 5, 0, 0, 526, 513),
('LIT3730H2', '', '''ST: HON: ARTS: DI: The Spicy Bard: Shakespeare in Bollywood Masala Films''', 11492, 3, 'F', '14:00', '16:30', 'WHI 013', 15, 15, 0, 0, 833, 817),
('NEUR3730H1', '', '''ST: HON: Neuro-Science Fiction''', 11493, 3, 'WF', '12:30', '13:45', 'KAR 127', 15, 12, 0, 0, 1086, 1085),
('NEUR3730H1', '', '''ST: HON: Neuro-Science Fiction''', 11493, 3, 'R', '19:00', '21:00', 'KAR 012', 15, 12, 0, 0, 1087, 1085),
('AFST173001', '', '''ST: Caribbean & African Dance Forms''', 11494, 3, 'TR', '13:20', '14:35', 'SHE 351', 5, 1, 0, 0, 23, 22),
('AFST273.001', '', '''ST: Movement in Global Persptv''', 11496, 3, 'MW', '14:00', '15:15', 'SHE 406', 5, 0, 0, 0, 24, 22),
('AFST374.002', '', '''ST: ARTS: Brazilian Cinema and Popular Music''', 11497, 4, 'MWF', '14:00', '15:15', 'OWE 302A', 20, 14, 0, 0, 26, 22),
('ASIA374001', '', '''ST:DI: Close Encounters of the Third Kind: East Asian Cultures through Films''', 11498, 4, 'W', '17:00', '18:30', 'OWE 302A', 20, 21, 0, 0, 131, 130),
('ASIA374001', '', '''ST:DI: Close Encounters of the Third Kind: East Asian Cultures through Films''', 11498, 4, 'M', '17:00', '19:00', 'OWE 302A', 20, 21, 0, 0, 132, 130),
('INTS201.002', '', '''Introduction to Global Studies''', 11499, 4, 'TBA', '15:15', '16:55', 'ONLINE ', 20, 14, 0, 0, 738, 738),
('INTS374.002', '', '''ST: Cultural Expressions from Abya-Yala''', 11500, 4, 'TR', '13:20', '15:00', 'OWE 302C', 15, 5, 0, 0, 742, 738),
('NEUR216001', '', '''Fundamentals of Neuroscience''', 11501, 3, 'TR', '8:15', '9:30', 'CAR 231', 10, 11, 0, 0, 1084, 1085),
('NEUR216002', '', '''Fundamentals of Neuroscience''', 11502, 3, 'TR', '9:55', '11:10', 'CAR 231', 10, 10, 0, 0, 1085, 1085),
('NEUR374.001', '', '''ST: Neuroscience: Cell and Molecular''', 11503, 4, 'MWF', '9:00', '9:50', 'ZEI 202', 28, 17, 0, 0, 1088, 1085),
('NEUR374.0L1', '', '''Lab for NEUR 374.001''', 11504, 0, 'T', '13:20', '15:50', 'ZEI 128', 14, 8, 0, 0, 1089, 1085),
('NEUR374.0L2', '', '''Lab for NEUR 374.001''', 11505, 0, 'R', '13:20', '15:50', 'ZEI 128', 14, 9, 0, 0, 1090, 1085),
('BIOL125.001', '', '''Current Topics in Biology''', 11506, 3, 'MWF', '10:00', '10:50', 'CAR 132', 30, 29, 0, 0, 170, 171),
('BIOL125.002', '', '''Current Topics in Biology''', 11507, 3, 'MWF', '11:00', '11:50', 'ZEI 123', 30, 25, 0, 0, 171, 171),
('BIOL126.001', '', '''Current Topics in Biology Lab''', 11508, 1, 'M', '12:30', '15:00', 'ZEI 323', 16, 13, 0, 0, 172, 171),
('BIOL126.002', '', '''Current Topics in Biology Lab''', 11509, 1, 'T', '13:20', '15:50', 'ZEI 323', 16, 17, 0, 0, 173, 171),
('BIOL126.003', '', '''Current Topics in Biology Lab''', 11510, 1, 'W', '12:30', '15:00', 'ZEI 323', 16, 13, 0, 0, 174, 171),
('BIOL134.001', '', '''Experimental Design, Analysis and Presentation''', 11511, 3, 'W', '12:30', '15:00', 'ZEI 327', 16, 19, 0, 0, 175, 171),
('BIOL134.002', '', '''Experimental Design, Analysis and Presentation''', 11512, 3, 'W', '15:30', '18:00', 'ZEI 327', 16, 18, 0, 0, 176, 171),
('BIOL136.001', '', '''Principles of Cellular and Molecular Biology''', 11513, 4, 'TR', '8:15', '9:30', 'ZEI 014', 34, 36, 0, 0, 177, 171),
('BIOL136.002', '', '''Principles of Cellular and Molecular Biology''', 11514, 4, 'TR', '9:55', '11:10', 'ZEI 123', 34, 37, 0, 0, 178, 171),
('BIOL136.003', '', '''Principles of Cellular and Molecular Biology''', 11515, 4, 'MWF', '9:00', '9:50', 'CAR 132', 34, 35, 0, 0, 179, 171),
('BIOL136.0L1', '', '''Principles of Cellular and Molecular Biology Lab''', 11516, 0, 'M', '12:30', '15:00', 'ZEI 226', 17, 18, 0, 0, 180, 171),
('BIOL136.0L2', '', '''Principles of Cellular and Molecular Biology Lab''', 11517, 0, 'M', '15:30', '18:00', 'ZEI 226', 17, 17, 0, 0, 181, 171),
('BIOL136.0L3', '', '''Principles of Cellular and Molecular Biology Lab''', 11518, 0, 'T', '13:20', '15:50', 'ZEI 226', 17, 19, 0, 0, 182, 171),
('BIOL136.0L4', '', '''Principles of Cellular and Molecular Biology Lab''', 11519, 0, 'W', '12:30', '15:00', 'ZEI 226', 17, 18, 0, 0, 183, 171),
('BIOL136.0L5', '', '''Principles of Cellular and Molecular Biology Lab''', 11520, 0, 'W', '15:30', '18:00', 'ZEI 226', 17, 19, 0, 0, 184, 171),
('BIOL136.0L6', '', '''Principles of Cellular and Molecular Biology Lab''', 11521, 0, 'R', '13:20', '15:50', 'ZEI 226', 17, 17, 0, 0, 185, 171),
('MUSC207.001', '', '''Conducting''', 11522, 2, 'MW', '14:00', '14:50', 'LIP 125', 10, 2, 0, 0, 1018, 966),
('CHEM231.002', '', '''Organic Chemistry I''', 11523, 3, 'MWF', '9:00', '9:50', 'CAR 133', 30, 32, 0, 0, 265, 223),
('CHEM231.002', '', '''Organic Chemistry I''', 11523, 3, 'F', '15:30', '17:30', 'RRO 125', 30, 32, 0, 0, 266, 223),
('CHEM223.001', '', '''Foundations of Analytical Chemistry''', 11524, 3, 'TR', '9:55', '11:10', 'KAR 038', 30, 25, 0, 0, 260, 223),
('CHEM223.002', '', '''Foundations of Analytical Chemistry''', 11525, 3, 'TR', '13:35', '14:50', 'ZEI 014', 30, 25, 0, 0, 261, 223),
('CHEM323.001', '', '''Foundations of Biochemistry''', 11526, 3, 'MWF', '9:00', '9:50', 'ZEI 123', 30, 7, 0, 0, 279, 223),
('CHEM437.001', '', '''Modern Biochemistry''', 11527, 3, 'MWF', '8:00', '8:50', 'ZEI 123', 30, 16, 0, 0, 286, 223),
('CHEM429.001', '', '''SL:Organometallic Chemistry and Catalysis''', 11528, 3, 'TR', '9:55', '11:10', 'KAR 234', 14, 11, 0, 0, 285, 223),
('CHEM438.001', '', '''Quantum Spectroscopy''', 11529, 3, 'MWF', '12:30', '13:20', 'CAR 133', 30, 10, 0, 0, 287, 223),
('CHEM446.001', '', '''Medicinal Chemistry''', 11530, 3, 'TR', '8:25', '9:40', 'CAR 133', 30, 23, 0, 0, 288, 223),
('CHEM471.001', '', '''ST: Chemical Lit Research III''', 11531, 1, 'F', '15:30', '16:45', 'ZEI 123', 10, 1, 0, 0, 289, 223),
('CHEM233.001', '', '''Foundations of Inorganic Chemistry (General Chemistry II)''', 11533, 3, 'MWF', '10:00', '10:50', 'KAR 038', 40, 42, 0, 0, 271, 223),
('CHEM233.001', '', '''Foundations of Inorganic Chemistry (General Chemistry II)''', 11533, 3, 'F', '15:30', '17:30', 'KAR 038', 40, 42, 0, 0, 272, 223),
('CHEM233.002', '', '''Foundations of Inorganic Chemistry (General Chemistry II)''', 11534, 3, 'MWF', '11:00', '11:50', 'KAR 038', 40, 28, 0, 0, 273, 223),
('CHEM233.002', '', '''Foundations of Inorganic Chemistry (General Chemistry II)''', 11534, 3, 'F', '15:30', '17:30', 'KAR 038', 40, 28, 0, 0, 274, 223),
('CHEM312.001', '', '''Interdisciplinary Chemistry Project Lab''', 11535, 2, 'MW', '14:00', '17:00', 'ZEI 014', 16, 16, 0, 0, 275, 223),
('CHEM312.001', '', '''Interdisciplinary Chemistry Project Lab''', 11535, 2, 'MW', '14:00', '17:00', 'ZEI 016', 16, 16, 0, 0, 276, 223),
('CHEM312.002', '', '''Interdisciplinary Chemistry Project Lab''', 11536, 2, 'MW', '14:00', '17:00', 'CAR 133', 16, 13, 0, 0, 277, 223),
('CHEM312.002', '', '''Interdisciplinary Chemistry Project Lab''', 11536, 2, 'MW', '14:00', '17:00', 'ZEI 128', 16, 13, 0, 0, 278, 223),
('ANTH325.001', '', '''Culture and Mind''', 11537, 4, 'TR', '15:15', '16:55', 'ZAG 236', 25, 24, 0, 0, 44, 29),
('ANTH336.001', '', '''Ethnographic Methods''', 11538, 4, 'MW', '14:00', '15:15', 'ZAG 236', 25, 7, 0, 0, 45, 29),
('ANTH336.0L1', '', '''Lab for ANTH 336.001''', 11539, 0, 'F', '14:00', '15:15', 'ZAG 236', 25, 7, 0, 0, 46, 29),
('ANTH357.001', '', '''Disrupted Lives: the Anthropology of Social Suffering''', 11540, 4, 'TR', '13:20', '15:00', 'ZAG 237', 25, 26, 0, 0, 47, 29),
('ANTH374001', '', '''ST: SL: Culture, Citizenship, Community''', 11541, 4, 'MW', '15:30', '17:10', 'ZAG 236', 14, 9, 0, 0, 48, 29),
('SOC374001', '', '''ST: Social Movement & Democracy''', 11542, 4, 'TR', '9:55', '11:35', 'ZAG 142', 20, 20, 0, 0, 1290, 1265),
('SOC387.001', '', '''Gender, Globalization, and Development''', 11543, 4, 'TR', '9:55', '11:35', 'ZAG 237', 25, 23, 0, 0, 1291, 1265),
('LA478.006', '', '''Senior Capstone''', 11544, 4, 'MW', '15:30', '17:10', 'RRO 217', 22, 17, 0, 0, 766, 755),
('IST271001', '', '''ST:Art & Science of Meditation''', 11545, 1, 'F', '10:00', '10:50', 'SHE 468', 12, 10, 0, 0, 745, 746),
('BIOL335.001', '', '''Flowering Plant Systematics''', 11546, 4, 'R', '13:20', '14:35', 'ZEI 228', 13, 7, 0, 0, 194, 171),
('BIOL335.0L1', '', '''Lab for BIOL 335.001''', 11547, 0, 'F', '12:30', '16:20', 'ZEI 228', 13, 7, 0, 0, 195, 171),
('BIOL345.001', '', '''Plant Physiology''', 11548, 4, 'TR', '9:55', '11:10', 'ZEI 228', 17, 7, 0, 0, 202, 171),
('BIOL345.0L1', '', '''Lab for BIOL 345.001''', 11549, 0, 'T', '13:20', '15:50', 'ZEI 228', 17, 7, 0, 0, 203, 171),
('BIOL365.001', '', '''DI: Evolutionary Biology''', 11550, 3, 'TR', '8:15', '9:30', 'CAR 132', 30, 30, 0, 0, 206, 171),
('MUSC358.001', '', '''Electronic Music Composition I''', 11551, 3, 'MW', '14:00', '15:15', 'LIP 024', 10, 9, 0, 0, 1045, 966),
('BIOL498.001', '', '''Undergrad Research in Biology''', 11552, 3, 'TBA', '14:00', '16:30', 'TBA', 2, 2, 0, 0, 216, 171),
('MUSC192.011', '', '''Applied Music II: Percussion''', 11555, 2, 'F', '14:00', '15:15', 'LIP 125', 15, 2, 0, 0, 1012, 966),
('MUSC192.012', '', '''Applied Music II: Piano''', 11556, 2, 'F', '14:00', '15:15', 'LIP 125', 15, 0, 0, 0, 1013, 966),
('MUSC192.013', '', '''Applied Music II: Reeds''', 11557, 2, 'F', '14:00', '15:15', 'LIP 125', 15, 0, 0, 0, 1014, 966),
('MUSC192.014', '', '''Applied Music II: Cello''', 11558, 2, 'F', '14:00', '15:15', 'LIP 125', 15, 1, 0, 0, 1015, 966),
('MUSC392.004', '', '''Applied Music VI: Guitar''', 11559, 2, 'F', '14:00', '15:15', 'LIP 125', 15, 1, 0, 0, 1061, 966),
('MUSC392.005', '', '''Applied Music VI: Voice''', 11560, 2, 'F', '14:00', '15:15', 'LIP 125', 15, 1, 0, 0, 1062, 966),
('MUSC392.006', '', '''Applied Music VI: Percussion''', 11561, 2, 'F', '14:00', '15:15', 'LIP 125', 15, 1, 0, 0, 1063, 966),
('MUSC491.004', '', '''Applied Music VII: Horn''', 11562, 2, 'F', '14:00', '15:15', 'LIP 125', 15, 0, 0, 0, 1075, 966),
('MUSC491.005', '', '''Applied Music VII: Voice''', 11563, 2, 'F', '14:00', '15:15', 'LIP 125', 15, 1, 0, 0, 1076, 966),
('MUSC491.006', '', '''Applied Music VII: Percussion''', 11564, 2, 'F', '14:00', '15:15', 'LIP 125', 15, 1, 0, 0, 1077, 966),
('MUSC491.007', '', '''Applied Music VII: Voice''', 11565, 2, 'F', '14:00', '15:15', 'LIP 125', 15, 2, 0, 0, 1078, 966),
('MUSC492.003', '', '''Applied Music VIII: Compostion''', 11566, 2, 'F', '14:00', '15:15', 'LIP 125', 15, 0, 0, 0, 1081, 966),
('HUM214.012', '', '''Medieval and Renaissance World''', 11567, 4, 'M', '11:00', '12:15', 'ZAG 244', 22, 22, 0, 0, 629, 574),
('HUM214.R12', '', '''RCT for HUM 214.012''', 11568, 0, 'WF', '11:00', '12:15', 'WHI 015', 22, 22, 0, 0, 630, 574),
('HUM324.0H2', '', '''HON: Mod World: Mid 17-20th Century''', 11569, 4, 'F', '11:00', '12:15', 'LIP 125', 15, 11, 0, 0, 664, 574),
('HUM324.RH2', '', '''HON: RCT for HUM 324.006''', 11570, 0, 'TR', '13:20', '14:35', 'CAR 132', 15, 11, 0, 0, 665, 574),
('MAE214.602', '', '''Solid Mechanics''', 11571, 3, 'TR', '15:00', '16:15', 'RRO 112', 40, 27, 0, 0, 842, 841),
('MUSC347.001', '', '''DI: Transatlantic Jazz''', 11572, 3, 'TR', '13:20', '14:35', 'LIP 044', 25, 15, 0, 0, 1043, 966),
('LA478007', '', '''Senior Capstone: Uncovering Cuba in the 21st Century *See Study Abroad to register''', 11573, 4, 'W', '17:10', '20:40', 'WHI 111', 13, 13, 0, 0, 767, 755),
('ARTH312001', '', '''ARTS: Roman Art''', 11574, 4, 'MWF', '9:30', '10:45', 'OWE 237', 10, 10, 0, 0, 108, 102),
('AFST374003', '', '''ST: African American Politics''', 11575, 4, 'MW', '17:15', '18:55', 'ZAG 227', 10, 1, 0, 0, 27, 22),
('MUSC373002', '', '''ST: Music and Math''', 11576, 3, 'TR', '13:20', '15:00', 'LIP 018', 10, 2, 0, 0, 1048, 966),
('MUSC371.0L2', '', '''ST: Music and Math Lab''', 11577, 1, 'TR', '13:20', '15:00', 'LIP 018', 10, 2, 0, 0, 1046, 966),
('MATH374001', '', '''ST: Music and Math''', 11578, 4, 'TR', '13:20', '15:00', 'LIP 018', 12, 11, 0, 0, 883, 846),
('ECE109.6L1', '', '''Intro to Computer Systems Lab''', 11581, 0, 'R', '17:45', '19:35', 'RRO 203', 18, 14, 0, 0, 368, 368),
('ECE109.6L2', '', '''Intro to Computer Systems Lab''', 11582, 0, 'W', '16:45', '18:35', 'RRO 203', 18, 18, 0, 0, 369, 368),
('ECE109.6L3', '', '''Intro to Computer Systems Lab''', 11583, 0, 'R', '8:00', '9:40', 'RRO 203', 18, 18, 0, 0, 370, 368),
('ECE109.6L4', '', '''Intro to Computer Systems Lab''', 11584, 0, 'F', '12:30', '14:20', 'RRO 203', 18, 14, 0, 0, 371, 368),
('WLNG174001', '', '''ST: Cherokee II''', 11585, 4, 'TR', '19:00', '20:40', 'WHI 117', 25, 21, 0, 0, 1366, 1367),
('HUM324.011', '', '''Mod World: Mid 17-20th Century''', 11586, 4, 'F', '11:00', '12:15', 'LIP 125', 22, 22, 0, 0, 651, 574),
('HUM324.R11', '', '''RCT for HUM 324.011''', 11587, 0, 'MW', '11:00', '12:15', 'KAR 244', 22, 22, 0, 0, 652, 574),
('NM373001', '', '''ST: Virtual Reality''', 11588, 3, 'TR', '13:20', '15:00', 'RRO 217', 10, 10, 0, 0, 1117, 1094),
('ACCT471001', '', '''ST: SL: VITA Service Learning''', 11589, 1, 'TBA', '15:30', '16:45', 'TBA', 10, 3, 0, 0, 19, 1),
('ACCT405.001', '', '''Accounting Internship''', 11590, 3, 'TBA', '17:00', '18:50', 'TBA', 10, 3, 0, 0, 15, 1),
('INTS365.001', '', '''International Experiential learning Project''', 11591, 3, 'TBA', '15:30', '17:10', 'TBA', 1, 0, 0, 0, 740, 738),
('NM374.0X1', '', '''ST: History of Video Games''', 11592, 4, 'TBA', '13:20', '15:00', 'TBA', 2, 4, 0, 0, 1119, 1094),
('EDUC455.008', '', '''Clinical Practice and Seminar''', 11596, 8, 'TBA', '8:00', '9:40', 'TBA', 10, 5, 0, 0, 444, 414),
('ENVR499.004', '', '''Undergrad Research in ENVR''', 11597, 3, 'TBA', '17:10', '18:00', 'TBA', 1, 1, 0, 0, 504, 456),
('BIOL498.002', '', '''Undergrad Research in Biology''', 11598, 3, 'TBA', '14:00', '16:30', 'TBA', 1, 2, 0, 0, 217, 171),
('SPAN274.0X1', '', '''ST: Cuban Family Dynamics During and After the Cuban Revolution''', 11600, 4, 'TBA', '12:30', '13:45', 'TBA', 1, 1, 0, 0, 1318, 1297),
('MUSC373003', '', '''ST: Composition II: Orchestration''', 11601, 3, 'MW', '17:00', '18:15', 'LIP 018', 20, 4, 0, 0, 1049, 966),
('NEUR480.002', '', '''Seminar in Neuroscience''', 11602, 1, 'M', '11:00', '12:15', 'ZEI 208', 15, 9, 0, 0, 1092, 1085),
('CHEM223.003', '', '''Foundations of Analytical Chemistry''', 11604, 3, 'TR', '15:00', '16:15', 'ZEI 014', 30, 19, 0, 0, 262, 223),
('PSYC324.0X2', '', '''Theories of Personality''', 11605, 3, 'TBA', '8:15', '9:30', 'TBA', 1, 1, 0, 0, 1227, 1201),
('HUM324.012', '', '''Mod World: Mid 17-20th Century''', 11606, 4, 'F', '11:00', '12:15', 'LIP 125', 22, 23, 0, 0, 653, 574),
('HUM324.R12', '', '''RCT for HUM 324.012''', 11607, 0, 'MW', '11:00', '12:15', 'ZAG 137', 22, 23, 0, 0, 654, 574),
('MUSC373.004', '', '''ST: Electro-Music''', 11608, 3, 'MW', '12:20', '13:45', 'LIP 024', 15, 5, 0, 0, 1050, 966),
('LIT374002', '', '''ST: Philosophy of Literature''', 11609, 4, 'TR', '9:55', '11:35', 'WHI 119', 5, 5, 0, 0, 835, 817),
('ASTR412.001', '', '''Observational Astronomy II''', 11610, 1, 'R', '15:00', '17:30', 'RRO 228', 16, 6, 0, 0, 144, 134),
('LIT340.001', '', '''Internship''', 11611, 3, 'TBA', '8:00', '9:15', 'TBA', 5, 1, 0, 0, 824, 817),
('LIT340.002', '', '''Internship''', 11612, 2, 'TBA', '8:00', '9:15', 'TBA', 5, 3, 0, 0, 825, 817),
('UNCX120.001', '', '''UNC Exchange''', 11613, 2, 'TBA', '12:30', '13:45', 'TBA', 10, 0, 0, 0, 1348, 1348),
('MCOM371.0X1', 'F', '''ST: Enterprise Reporting''', 11614, 1, 'TBA', '15:15', '16:55', 'TBA', 1, 1, 0, 0, 907, 895),
('HIST4990H1', '', '''HON: Undergraduate Research in HIST''', 11615, 4, 'TBA', '8:00', '9:40', 'TBA', 5, 2, 0, 0, 570, 543),
('LA478008', '', '''SL: Senior Capstone''', 11616, 4, 'TR', '13:20', '15:00', 'ZAG 142', 22, 16, 0, 0, 768, 755),
('HUM324.014', '', '''Mod World: Mid 17-20th Century''', 11617, 4, 'F', '11:00', '12:15', 'LIP 125', 22, 22, 0, 0, 656, 574),
('HUM324.R14', '', '''RCT for HUM 324.014''', 11618, 0, 'MW', '12:30', '13:45', 'ZAG 142', 22, 22, 0, 0, 657, 574),
('HUM324.015', '', '''Mod World: Mid 17-20th Century''', 11619, 4, 'F', '11:00', '12:15', 'LIP 125', 22, 22, 0, 0, 658, 574),
('HUM324.R15', '', '''RCT for HUM 324.015''', 11620, 0, 'TR', '13:20', '14:35', 'CAR 231', 22, 22, 0, 0, 659, 574),
('ENVR373.007', '', '''ST: Soils-Lecture only''', 11621, 3, 'TR', '8:00', '9:15', 'RRO 103', 5, 1, 0, 0, 485, 456),
('ENVR499.005', '', '''Undergrad Research in ENVR''', 11622, 3, 'TBA', '17:10', '18:00', 'TBA', 2, 1, 0, 0, 505, 456),
('NM374.0X2', '', '''ST: NM Research & Production''', 11623, 4, 'TBA', '13:20', '15:00', 'TBA', 1, 2, 0, 0, 1120, 1094),
('CSCI344.002', '', '''Web Technology''', 11624, 3, 'TR', '9:55', '11:35', 'KAR 037', 20, 20, 0, 0, 316, 302),
('ENVR499.006', '', '''Undergrad Research in ENVR''', 11625, 3, 'TBA', '17:10', '18:00', 'TBA', 1, 1, 0, 0, 506, 456),
('FREN371.0H1', '', '''ST: HON: Camus: Between Colony and Metropolis''', 11626, 1, 'F', '14:00', '15:00', 'TBA', 1, 0, 0, 0, 525, 513),
('HWP272.0X1', '', '''ST: Functional Anatomy Lab Assistantship''', 11628, 2, 'F', '12:30', '14:20', 'SHE 410', 5, 2, 0, 0, 699, 687),
('HWP459.003', '', '''Senior Seminar in HWP''', 11629, 3, 'MW', '12:30', '13:45', 'SHE 402', 15, 9, 0, 0, 724, 687),
('ECE109.6L5', '', '''Intro to Computer Systems Lab''', 11630, 0, 'T', '17:10', '18:50', 'RRO 203', 18, 16, 0, 0, 372, 368),
('CSCI255.0L2', '', '''Lab for CSCI 255.001''', 11631, 0, 'W', '19:00', '21:30', 'RRO 223', 18, 11, 0, 0, 312, 302),
('BIOL398.0X2', '', '''Research Methods in Biology''', 11632, 2, 'TR', '8:00', '9:15', 'ZEI 229', 2, 1, 0, 0, 209, 171),
('LIT340.003', '', '''Internship''', 11633, 1, 'TBA', '8:00', '9:15', 'TBA', 5, 1, 0, 0, 826, 817),
('HUM124.014', '', '''The Ancient World''', 11634, 4, 'M', '11:00', '12:15', 'RRO 125', 22, 22, 0, 0, 599, 574);
INSERT INTO `courseinfo` (`codeCourses`, `term`, `titleCourses`, `crn`, `hours`, `days`, `startTime`, `endTime`, `location`, `lmt`, `enr`, `wlCap`, `wlAct`, `idCourse`, `idDepartments`) VALUES
('HUM124.R14', '', '''RCT for HUM 124.014''', 11635, 0, 'TR', '13:20', '14:35', 'WHI 016', 22, 22, 0, 0, 600, 574),
('ACCT322.001', '', '''Accounting for Not-for-Profit Organizations''', 11636, 2, 'T', '17:00', '18:50', 'OWE 250', 15, 9, 0, 0, 12, 1),
('HIST395.0X1', '', '''History Internship''', 11637, 4, 'TBA', '18:00', '21:20', 'TBA', 2, 2, 0, 0, 561, 543),
('ESI490.0X1', '', '''Senior Res in Ethics/Soc Inst''', 11638, 3, 'TBA', '17:10', '18:00', 'TBA', 1, 1, 0, 0, 509, 510),
('SPAN440.0X1', '', '''Advanced Spanish Lang and Comp''', 11639, 4, 'TBA', '9:55', '11:35', 'TBA', 2, 2, 0, 0, 1324, 1297),
('ACCT200.001', '', '''Personal Finance''', 11640, 3, 'W', '19:00', '21:30', 'OWE 250', 18, 16, 0, 0, 0, 1),
('LIT340.004', '', '''Internship''', 11646, 1, 'TBA', '8:00', '9:15', 'TBA', 10, 10, 0, 0, 827, 817),
('MUSC123.001', '', '''Ensemble''', 11654, 1, 'TBA', '15:30', '16:45', 'TBA', 15, 3, 0, 0, 974, 966),
('MUSC123.002', '', '''Ensemble''', 11655, 1, 'TBA', '15:30', '16:45', 'TBA', 15, 3, 0, 0, 975, 966),
('BIOL498.003', '', '''Undergrad Research in Biology''', 11656, 3, 'TBA', '14:00', '16:30', 'TBA', 1, 1, 0, 0, 218, 171),
('AFST130.002', '', '''DI: Intro to Africana Studies''', 11657, 4, 'MWF', '11:00', '12:15', 'OWE 302A', 20, 12, 0, 0, 22, 22),
('HUM124.015', '', '''The Ancient World''', 11658, 4, 'M', '11:00', '12:15', 'CAR 133', 22, 22, 0, 0, 601, 574),
('HUM124.R15', '', '''RCT for HUM 124.015''', 11659, 0, 'WF', '11:00', '12:15', 'CAR 133', 22, 22, 0, 0, 602, 574),
('HUM124.0H2', '', '''HON: The Ancient World''', 11660, 4, 'M', '11:00', '12:15', 'CAR 133', 15, 8, 0, 0, 605, 574),
('HUM124.RH2', '', '''HON: RCT for HUM 124.0H2''', 11661, 0, 'WF', '12:30', '13:45', 'CAR 102', 15, 8, 0, 0, 606, 574),
('BIOL373.001', '', '''ST: Microbiology -Lecture Only''', 11662, 3, 'TR', '9:55', '11:10', 'CAR 132', 3, 3, 0, 0, 207, 171),
('EDUC372.0X1', '', '''ST: K-6 Elem Teaching Methods''', 11664, 2, 'TBA', '14:00', '15:15', 'TBA', 2, 2, 0, 0, 430, 414),
('EDUC431.0X1', '', '''K-12 Art Teaching Methods''', 11665, 2, 'TBA', '12:30', '13:45', 'TBA', 1, 1, 0, 0, 432, 414),
('SPAN372.0X1', '', '''ST: A History of Cuban Film''', 11666, 2, 'TBA', '9:30', '10:45', 'TBA', 3, 3, 0, 0, 1322, 1297),
('MATH461.0X1', '', '''Abstract Algebra I''', 11667, 3, 'TBA', '13:20', '14:35', 'TBA', 1, 1, 0, 0, 887, 846),
('CLAS432.001', '', '''Virgil: Aeneid''', 11668, 3, 'MW', '12:30', '13:45', 'WHI 132', 3, 3, 0, 0, 298, 291),
('RELS178001', '', '''Religion and Film''', 11669, 4, 'TR', '8:00', '9:40', 'ZAG 246', 0, 13, 0, 0, 1255, 1256),
('BIOL498.004', '', '''Undergrad Research in Biology''', 11670, 3, 'TBA', '14:00', '16:30', 'TBA', 1, 1, 0, 0, 219, 171),
('MATH373.0X1', '', '''ST: Universal Algebra''', 11671, 3, 'TBA', '12:30', '13:45', 'TBA', 2, 2, 0, 0, 882, 846),
('PSYC371.0X1', '', '''ST: Death Penalty Litigation''', 11672, 1, 'TBA', '9:00', '10:40', 'TBA', 1, 1, 0, 0, 1237, 1201),
('MUSC272001', '', '''ST: Live Sound Practicum''', 11673, 2, 'M', '15:15', '16:55', 'LIP 125', 12, 11, 0, 0, 1020, 966),
('HUM414.009', '', '''Individual in Contemp World''', 11674, 4, 'F', '11:00', '12:15', 'HLH 139', 22, 21, 0, 0, 680, 574),
('HUM414.0R9', '', '''RCT for HUM 414.009''', 11675, 0, 'MW', '11:00', '12:15', 'CAR 230', 22, 21, 0, 0, 681, 574),
('MATH499.002', '', '''Undergraduate Research in MATH''', 11676, 4, 'TBA', '15:15', '16:55', 'TBA', 1, 1, 0, 0, 892, 846),
('HIST374.0X1', '', '''ST: US History 1938-Present''', 11677, 4, 'MTW', '11:00', '12:15', 'TBA', 2, 2, 0, 0, 556, 543),
('CHEM231.003', '', '''Organic Chemistry I''', 11678, 3, 'MWF', '11:00', '11:50', 'KAR 016', 35, 35, 0, 0, 267, 223),
('CHEM231.003', '', '''Organic Chemistry I''', 11678, 3, 'F', '15:30', '17:30', 'KAR 038', 35, 35, 0, 0, 268, 223),
('MLAS681.001', '', '''Capstone Project''', 11679, 3, 'TBA', '18:00', '20:30', 'TBA', 1, 1, 0, 0, 963, 955),
('CHEM409.001', '', '''Chem Lit Research Seminar''', 11680, 3, 'F', '14:00', '17:00', 'ZEI 128', 10, 1, 0, 0, 280, 223),
('NM438.002', '', '''Senior Capstone Project''', 11681, 2, 'T', '15:15', '16:55', 'ZEI 201', 10, 6, 0, 0, 1126, 1094),
('NM490.002', '', '''Proseminar and Portfolio''', 11682, 2, 'R', '15:15', '16:55', 'ZEI 201', 10, 6, 0, 0, 1131, 1094),
('HWP225.002', '', '''Nutrition and Lifestyle''', 11683, 3, 'TR', '9:55', '11:10', 'SHE 410', 25, 25, 0, 0, 693, 687),
('MLAS681.002', '', '''Capstone Project''', 11684, 3, 'TBA', '18:00', '20:30', 'TBA', 1, 1, 0, 0, 964, 955),
('MUSC488.002', '', '''Directed Studio Projects''', 11685, 1, 'T', '13:20', '14:10', 'LIP 003', 5, 4, 0, 0, 1070, 966),
('ANTH499.003', '', '''Undergraduate Research in ANTH''', 11686, 2, 'TBA', '9:55', '11:35', 'TBA', 5, 1, 0, 0, 52, 29),
('HUM324.R16', '', '''RCT for HUM 324.016''', 11687, 0, 'TR', '13:20', '14:35', 'ZAG 244', 22, 21, 0, 0, 661, 574),
('HUM324.016', '', '''Mod World: Mid 17-20th Century''', 11688, 4, 'F', '11:00', '12:15', 'LIP 125', 22, 21, 0, 0, 660, 574),
('MUSC129.007', '', '''ARTS: Jazz Ensemble''', 11689, 1, 'TBA', '12:30', '13:45', 'LIP ', 10, 4, 0, 0, 985, 966),
('MLAS610.0X1', '', '''Tutorial''', 11690, 3, 'TBA', '18:00', '20:30', 'TBA', 1, 1, 0, 0, 961, 955),
('MLAS610.0X1', '', '''Tutorial''', 11690, 3, 'TBA', '18:00', '20:30', 'TBA', 1, 1, 0, 0, 962, 955),
('HWP499.001', '', '''Undergraduate Research in HWP''', 11691, 2, 'TBA', '15:30', '17:30', 'TBA', 1, 2, 0, 0, 731, 687),
('CLAS499.001', '', '''Undergrad Research in Classics''', 11692, 1, 'TBA', '15:30', '17:10', 'TBA', 1, 1, 0, 0, 300, 291),
('HWP473.0X1', '', '''ST: Cultivating Food Justice''', 11693, 3, 'W', '15:30', '17:30', 'TBA', 10, 6, 0, 0, 729, 687),
('ENVR499.007', '', '''Undergrad Research in ENVR''', 11694, 1, 'TBA', '17:10', '18:00', 'TBA', 1, 1, 0, 0, 507, 456),
('HWP499.004', '', '''Undergraduate Research in HWP''', 11695, 1, 'TBA', '11:15', '12:15', 'TBA', 1, 1, 0, 0, 734, 687),
('PSYC499.002', '', '''Undergraduate Research in PSYC''', 11696, 4, 'TBA', '14:00', '14:50', 'TBA', 1, 1, 0, 0, 1250, 1201),
('LANG373.0X1', '', '''ST: Structuring the Novel''', 11697, 3, 'TBA', '17:20', '19:00', 'TBA', 1, 1, 0, 0, 814, 772),
('HIST499.003', '', '''Undergraduate Research in HIST''', 11698, 3, 'TBA', '8:00', '9:40', 'TBA', 1, 1, 0, 0, 567, 543),
('POLS499.001', '', '''Undergraduate Research in POLS''', 11699, 4, 'TBA', '8:00', '9:40', 'TBA', 0, 1, 0, 0, 1196, 1177),
('FREN474.0X1', '', '''ST:Camus: Philosphical and Literary Works''', 11700, 4, 'TBA', '13:20', '15:00', 'TBA', 2, 2, 0, 0, 528, 513),
('BIOL498.005', '', '''Undergrad Research in Biology''', 11701, 3, 'R', '13:00', '16:00', 'TBA', 1, 1, 0, 0, 220, 171),
('PHYS499.002', '', '''Undergraduate Research in PHYS''', 11702, 1, 'TBA', '9:55', '11:35', 'TBA', 3, 3, 0, 0, 1175, 1148),
('ESI490.0X2', '', '''Senior Res in Ethics/Soc Inst''', 11703, 3, 'TBA', '17:10', '18:00', 'TBA', 1, 1, 0, 0, 510, 510),
('MLAS573.0X1', '', '''ST: Human Rights & International Law''', 11704, 3, 'TBA', '18:00', '20:30', 'TBA', 1, 1, 0, 0, 958, 955),
('MLAS573.0X1', '', '''ST: Human Rights & International Law''', 11704, 3, 'TBA', '18:00', '20:30', 'TBA', 1, 1, 0, 0, 959, 955),
('MCOM393.0X1', '', '''Issues in Media Studies: Early Cinema''', 11705, 4, 'TBA', '12:30', '13:45', 'TBA', 1, 1, 0, 0, 910, 895),
('PSYC371.0X2', '', '''ST: Treatment Programs for Juvenile Offenders''', 11706, 1, 'TBA', '9:00', '10:40', 'TBA', 1, 1, 0, 0, 1238, 1201),
('HIST499.004', '', '''Undergraduate Research in HIST''', 11707, 2, 'TBA', '8:00', '9:40', 'TBA', 1, 1, 0, 0, 568, 543),
('ENVR373.008', '', '''ST: Wildlife Ecology and Management-Lecture only''', 11708, 3, 'MWF', '9:00', '9:50', 'RRO 131', 1, 1, 0, 0, 486, 456),
('DAN372001', '', '''ST: Research in Dance''', 11710, 2, 'F', '16:30', '20:00', 'SHE 351', 4, 2, 0, 0, 335, 329),
('VMP371.0X1', '', '''ST: Lab Management''', 11711, 1, 'TBA', '12:30', '13:45', 'TBA', 1, 1, 0, 0, 1360, 1355),
('WGSS400.0X1', '', '''Sr Sem Wom, Gender, Sexuality''', 11712, 4, 'TBA', '15:15', '16:55', 'TBA', 1, 1, 0, 0, 1365, 1362),
('POLS490.0X1', '', '''Senior Research Capstone''', 11713, 4, 'TBA', '8:00', '9:40', 'TBA', 1, 1, 0, 0, 1195, 1177),
('PSYC499.003', '', '''Undergraduate Research in PSYC''', 11714, 2, 'TBA', '14:00', '14:50', 'TBA', 1, 1, 0, 0, 1251, 1201),
('PSYC499.004', '', '''Undergraduate Research in PSYC''', 11715, 1, 'TBA', '14:00', '14:50', 'TBA', 1, 1, 0, 0, 1252, 1201),
('MGMT499.002', '', '''Undergraduate Research in MGMT''', 11716, 3, 'TBA', '15:30', '16:20', 'TBA', 1, 1, 0, 0, 952, 919),
('ART474.0X1', '', '''ST: Advanced Painting''', 11717, 4, 'TBA', '17:10', '20:20', 'TBA', 1, 1, 0, 0, 93, 54),
('PHYS271.0X1', '', '''ST: Physics I Lab''', 11718, 1, 'TBA', '14:25', '15:55', 'TBA', 1, 1, 0, 0, 1167, 1148),
('MCOM372.0X1', '', '''ST: Social Media Marketing''', 11719, 2, 'TBA', '15:15', '16:55', 'TBA', 1, 2, 0, 0, 908, 895),
('NM474.0X1', '', '''ST:The Virtual Lincoln Project''', 11720, 4, 'TBA', '15:15', '16:55', 'TBA', 2, 2, 0, 0, 1128, 1094),
('SOC499.002', '', '''Undergraduate Research in SOC''', 11721, 4, 'TBA', '17:20', '19:00', 'TBA', 5, 1, 0, 0, 1295, 1265),
('MUSC499.001', '', '''Undergraduate Research in MUSC''', 11722, 2, 'F', '12:00', '14:00', 'LIP ', 1, 1, 0, 0, 1082, 966),
('ECON380.0X1', '', '''Approaches to Research in Econ''', 11723, 1, 'TBA', '15:30', '16:20', 'TBA', 1, 1, 0, 0, 406, 387),
('ACCT372.0X1', '', '''SL: Service Learning in Taxation''', 11724, 2, 'TBA', '17:00', '18:50', 'TBA', 1, 1, 0, 0, 13, 1),
('PORT110.0X1', '', '''Portuguese I''', 11725, 4, 'TBA', '8:00', '9:40', 'TBA', 1, 1, 0, 0, 1198, 1199),
('HWP471.0X2', '', '''ST: Healther Promotion Writing''', 11726, 1, 'TBA', '12:30', '13:20', 'TBA', 1, 1, 0, 0, 727, 687),
('MATH499.003', '', '''Undergraduate Research in MATH''', 11728, 4, 'TBA', '15:15', '16:55', 'TBA', 1, 1, 0, 0, 893, 846),
('PSYC373.0X1', '', '''ST: Advanced Psych & Law''', 11729, 3, 'TBA', '9:00', '10:40', 'TBA', 2, 2, 0, 0, 1241, 1201),
('PSYC371.0X3', '', '''ST: Advanced Psych & Law''', 11730, 1, 'TBA', '9:00', '10:40', 'TBA', 1, 1, 0, 0, 1239, 1201),
('PSYC499.005', '', '''Undergraduate Research in PSYC''', 11731, 2, 'TBA', '14:00', '14:50', 'TBA', 2, 2, 0, 0, 1253, 1201),
('PSYC372.0X1', '', '''ST: Teaching Psychology''', 11732, 2, 'TBA', '9:00', '10:40', 'TBA', 1, 1, 0, 0, 1240, 1201),
('RELS499.001', '', '''Undergraduate Research in RELS''', 11733, 4, 'TBA', '14:00', '15:15', 'TBA', 1, 1, 0, 0, 1263, 1256),
('MUSC123.003', '', '''Ensemble: Asheville Choral Society''', 11734, 1, 'M', '19:00', '21:15', 'LIP 125', 0, 1, 0, 0, 976, 966),
('MUSC291.009', '', '''Applied Music III: Composition''', 11735, 2, 'F', '14:00', '15:15', 'LIP 125', 15, 0, 0, 0, 1029, 966),
('MUSC291.010', '', '''Applied Music III: Guitar''', 11736, 2, 'F', '14:00', '15:15', 'LIP 125', 15, 1, 0, 0, 1030, 966),
('LIT371.0X1', '', '''ST:American Literary Tradition''', 11738, 1, 'W', '16:00', '17:00', 'TBA', 1, 1, 0, 0, 830, 817),
('GERM473.0X1', '', '''ST: Politik-und Mediengeschichte''', 11739, 3, 'T', '11:30', '12:00', 'TBA', 1, 1, 0, 0, 540, 530),
('PSYC499.006', '', '''Undergraduate Research in PSYC''', 11740, 4, 'TBA', '14:00', '14:50', 'TBA', 1, 1, 0, 0, 1254, 1201),
('NM373.0X2', '', '''ST: Storyboards, Comics and Motion Graphics''', 11741, 3, 'TBA', '13:20', '15:00', 'TBA', 1, 1, 0, 0, 1118, 1094),
('NM472.0X2', '', '''ST: Digiscuplting''', 11742, 2, 'TBA', '15:15', '16:55', 'TBA', 1, 1, 0, 0, 1127, 1094),
('HWP499.005', '', '''Undergraduate Research in HWP''', 11743, 3, 'TBA', '11:15', '12:15', 'TBA', 1, 1, 0, 0, 735, 687),
('POLS371.0X1', '', '''ST: Research Design''', 11744, 1, 'TBA', '9:55', '11:35', 'TBA', 1, 1, 0, 0, 1187, 1177),
('MLAS599.001', '', '''Directed Research in MLAS''', 11745, 3, 'TBA', '18:00', '20:30', 'TBA', 1, 1, 0, 0, 960, 955),
('POLS499.002', '', '''Undergraduate Research in POLS''', 11746, 1, 'TBA', '8:00', '9:40', 'TBA', 1, 1, 0, 0, 1197, 1177),
('MUSC499.002', '', '''Undergraduate Research in MUSC''', 11747, 1, 'TBA', '12:00', '14:00', 'TBA', 1, 1, 0, 0, 1083, 966),
('MATH372.0X1', '', '''ST: Near-rings''', 11748, 2, 'MW', '12:15', '13:00', 'TBA', 2, 1, 0, 0, 880, 846),
('HWP499.008', '', '''Undergraduate Research in HWP''', 11749, 3, 'TBA', '11:15', '12:15', 'TBA', 1, 1, 0, 0, 736, 687),
('ARTS310014', 'L', '''ARTS: Environmental Arts''', 11750, 3, 'TW', '18:00', '20:45', 'ZAG 137', 20, 15, 0, 0, 128, 115),
('ACCT474.0X1', '', '''ST:Accounting Internship''', 11752, 4, 'TBA', '15:30', '16:45', 'TBA', 1, 1, 0, 0, 20, 1),
('ECON499.002', 'L', '''Undergraduate Research in Econ''', 11753, 1, 'TBA', '15:30', '16:45', 'TBA', 1, 1, 0, 0, 412, 387),
('ENVR373.009', '', '''ST: Woody Plants in Winter-Lecture only''', 11754, 3, 'MW', '12:30', '13:45', 'RRO 131', 1, 1, 0, 0, 487, 456),
('INTS494.0X1', '', '''Capstone in Intl Studies''', 11755, 4, 'TBA', '9:55', '11:35', 'TBA', 1, 1, 0, 0, 744, 738),
('MGMT499.003', '', '''Undergraduate Research in MGMT''', 11756, 3, 'TBA', '15:30', '16:20', 'TBA', 1, 1, 0, 0, 953, 919),
('SPAN474.0X1', '', '''ST: Spanish Translation & Revision''', 11757, 4, 'TBA', '9:55', '11:35', 'TBA', 1, 0, 0, 0, 1326, 1297),
('PSYC474.0X1', '', '''ST: Advanced Psyc and Law''', 11758, 4, 'TBA', '14:00', '14:50', 'TBA', 1, 1, 0, 0, 1248, 1201),
('ENVR499.008', 'L', '''Undergrad Research in ENVR''', 11760, 3, 'TBA', '17:10', '18:00', 'TBA', 1, 1, 0, 0, 508, 456),
('HIST499.005', '', '''Undergraduate Research in HIST''', 11761, 1, 'TBA', '8:00', '9:40', 'TBA', 1, 1, 0, 0, 569, 543),
('LANG171.0X1', 'L', '''ST: Writing Tutorial''', 11762, 1, 'TBA', '12:30', '13:45', 'TBA', 11, 12, 0, 0, 807, 772),
('HWP356.001', '', '''Health and Wellness Coaching Techniques''', 11763, 3, 'MW', '14:00', '15:15', 'SHE 402', 18, 18, 0, 0, 713, 687),
('LIT371.0X2', 'L', '''ST: Global Indigenous Studies''', 11764, 1, 'TBA', '16:00', '17:00', 'TBA', 1, 1, 0, 0, 831, 817),
('HWP471.0X1', 'L', '''ST: Metabolic Theory of Cancer''', 11765, 1, 'TBA', '12:30', '13:20', 'TBA', 1, 1, 0, 0, 726, 687),
('SPAN472.0X1', '', '''ST:Span Translation/Revision''', 11766, 2, 'TBA', '9:55', '11:35', 'TBA', 1, 1, 0, 0, 1325, 1297),
('MGMT371.0X1', 'L', '''ST: Product Modeling''', 11767, 1, 'TBA', '15:30', '17:10', 'TBA', 1, 1, 0, 0, 933, 919),
('SOC171.0X1', 'L', '''ST: At Home, Abroad and Higher Education''', 11768, 1, 'TBA', '18:11', '19:00', 'TBA', 1, 1, 0, 0, 1275, 1265),
('NM474.0X2', '', '''ST: Logo Design and Branding Identity''', 11769, 4, 'TBA', '15:15', '16:55', 'TBA', 1, 1, 0, 0, 1129, 1094),
('ENVR372.001', 'F', '''ST: Mineralogy''', 11770, 2, 'MWF', '9:00', '9:50', 'RRO 138', 1, 1, 0, 0, 477, 456),
('ENVR372.001', 'F', '''ST: Mineralogy''', 11770, 2, 'R', '13:20', '16:20', 'RRO 138', 1, 1, 0, 0, 478, 456);

-- --------------------------------------------------------

--
-- Table structure for table `departments`
--

CREATE TABLE IF NOT EXISTS `departments` (
`idDepartments` int(11) NOT NULL,
  `nameDepartments` varchar(45) NOT NULL
) ENGINE=InnoDB  DEFAULT CHARSET=utf8 AUTO_INCREMENT=1368 ;

--
-- Dumping data for table `departments`
--

INSERT INTO `departments` (`idDepartments`, `nameDepartments`) VALUES
(1, 'ACCT'),
(22, 'AFST'),
(29, 'ANTH'),
(54, 'ART'),
(102, 'ARTH'),
(115, 'ARTS'),
(130, 'ASIA'),
(134, 'ASTR'),
(147, 'ATMS'),
(171, 'BIOL'),
(223, 'CHEM'),
(291, 'CLAS'),
(302, 'CSCI'),
(329, 'DAN'),
(339, 'DRAM'),
(367, 'E'),
(368, 'ECE'),
(387, 'ECON'),
(414, 'EDUC'),
(452, 'ENG'),
(456, 'ENVR'),
(510, 'ESI'),
(512, 'ETHN'),
(513, 'FREN'),
(530, 'GERM'),
(543, 'HIST'),
(572, 'HON'),
(574, 'HUM'),
(683, 'HW'),
(687, 'HWP'),
(738, 'INTS'),
(746, 'IST'),
(749, 'JEM'),
(755, 'LA'),
(772, 'LANG'),
(817, 'LIT'),
(841, 'MAE'),
(846, 'MATH'),
(895, 'MCOM'),
(919, 'MGMT'),
(955, 'MLAS'),
(966, 'MUSC'),
(1085, 'NEUR'),
(1094, 'NM'),
(1134, 'PHIL'),
(1148, 'PHYS'),
(1177, 'POLS'),
(1199, 'PORT'),
(1201, 'PSYC'),
(1256, 'RELS'),
(1265, 'SOC'),
(1297, 'SPAN'),
(1330, 'STAT'),
(1348, 'UNCX'),
(1355, 'VMP'),
(1362, 'WGSS'),
(1367, 'WLNG');

-- --------------------------------------------------------

--
-- Table structure for table `instructors`
--

CREATE TABLE IF NOT EXISTS `instructors` (
  `idInstructors` int(11) NOT NULL,
  `nameInstructors` varchar(45) NOT NULL
) ENGINE=InnoDB DEFAULT CHARSET=utf8;

--
-- Dumping data for table `instructors`
--

INSERT INTO `instructors` (`idInstructors`, `nameInstructors`) VALUES
(694, 'abatada'),
(21, 'aboaten'),
(463, 'acase1'),
(1095, 'acosette'),
(116, 'adunn'),
(550, 'adunn1'),
(1020, 'afinlay'),
(258, 'aglatfel'),
(643, 'aheston'),
(799, 'ahickman'),
(147, 'ahuang'),
(511, 'ajansen'),
(993, 'ajurik'),
(216, 'akaur'),
(692, 'alanou'),
(479, 'alaughli'),
(240, 'amaxwell'),
(1176, 'amorague'),
(121, 'aormsby'),
(307, 'areagan'),
(699, 'arote'),
(916, 'aslatton'),
(874, 'atkinson'),
(306, 'awhitley'),
(263, 'awolfe'),
(779, 'awray1'),
(1140, 'bbutler'),
(593, 'bcahoon'),
(396, 'bell'),
(1156, 'bennett'),
(1177, 'betsalel'),
(980, 'bfelix'),
(575, 'bgraves'),
(275, 'bholmes gheard '),
(627, 'blewis3'),
(134, 'blundgre'),
(455, 'bmcnamee'),
(1165, 'booker'),
(117, 'bpell'),
(310, 'brock'),
(859, 'bsanft'),
(78, 'bskidmor'),
(1015, 'bsmith7'),
(136, 'bwillar1'),
(366, 'calderma'),
(331, 'cbambara'),
(1019, 'cboone'),
(883, 'cboone skaplan '),
(795, 'cchadwic'),
(1099, 'ccloning'),
(148, 'cgodfrey'),
(146, 'chennon'),
(0, 'chughes'),
(170, 'ckennedy'),
(193, 'cnicolay'),
(1100, 'coakley'),
(1052, 'csburbac'),
(301, 'csheaffe'),
(970, 'ctaft1'),
(69, 'ctomberl'),
(1051, 'cweinber'),
(27, 'dbmullen'),
(939, 'dburris'),
(28, 'dclark1'),
(194, 'dclarke'),
(918, 'dcole'),
(641, 'ddavis'),
(894, 'ddiefenb'),
(133, 'dennison'),
(460, 'dgillett'),
(486, 'dgillett alaughli '),
(811, 'dhopes'),
(1211, 'dhuneycu'),
(785, 'djames'),
(581, 'dlundbla'),
(151, 'dmiller'),
(847, 'dohse'),
(635, 'dpierce'),
(589, 'dself'),
(872, 'dsteele'),
(1072, 'dstevens'),
(945, 'dthomas2'),
(543, 'dwaters'),
(926, 'dwhayes'),
(597, 'eadell'),
(516, 'ebailey'),
(101, 'ebares'),
(1218, 'echiang'),
(179, 'ecoffey1'),
(157, 'ecouzo'),
(688, 'egarriso'),
(472, 'eggers'),
(773, 'egurney'),
(928, 'eharvey1'),
(1339, 'ekoh'),
(1203, 'epascoe'),
(553, 'epearson'),
(655, 'eperry'),
(387, 'eporter1'),
(548, 'eroubine'),
(54, 'etomberl'),
(949, 'ewillis'),
(401, 'ezimbalk'),
(972, 'fpeacock'),
(417, 'frandall'),
(1235, 'friedenb'),
(865, 'gboudrea'),
(469, 'gcampbel'),
(154, 'gdobson'),
(607, 'gettari'),
(557, 'ghardy'),
(242, 'gheard'),
(1366, 'gjackso1 bduncan '),
(611, 'glyon'),
(473, 'golson'),
(186, 'greynold'),
(767, 'gtrautma'),
(957, 'gvoos'),
(948, 'gwhitfie dburris '),
(947, 'gwhitfie dcole '),
(909, 'hantz'),
(937, 'hgoosman'),
(267, 'hholt'),
(1227, 'himelein'),
(34, 'hkelley'),
(1013, 'hkim'),
(615, 'hlittlet'),
(925, 'hnettles'),
(1236, 'hulrich'),
(987, 'ihredman'),
(651, 'imuntean'),
(329, 'ipacker'),
(471, 'irossell'),
(124, 'iroussan'),
(222, 'james'),
(1153, 'jbeck'),
(294, 'jbriant'),
(260, 'jbrock1'),
(389, 'jbrown19'),
(292, 'jbutera'),
(719, 'jcutspec'),
(425, 'jdavis'),
(1302, 'jgant'),
(1260, 'jgoldste'),
(202, 'jhorton'),
(768, 'jking6'),
(403, 'jkonz'),
(466, 'jlangill'),
(1329, 'jlee'),
(129, 'jli'),
(934, 'jlmyrick'),
(531, 'jmader'),
(67, 'jmartin5'),
(94, 'jmartin5 rtynes '),
(441, 'jmcglinn'),
(481, 'joconner'),
(1162, 'jperkins'),
(777, 'jpisano'),
(979, 'jray3'),
(981, 'jrodrigu'),
(177, 'jrward'),
(742, 'jsanche1'),
(245, 'jschmelt'),
(5, 'jshields'),
(404, 'jsulock'),
(997, 'jwatt'),
(845, 'jwebste2'),
(512, 'jweems'),
(199, 'jwiener'),
(458, 'jwilcox'),
(701, 'jwingert'),
(38, 'jwood'),
(22, 'jzunguze'),
(304, 'kbogert'),
(633, 'kboyle'),
(414, 'kbrown'),
(1206, 'kcox2'),
(434, 'kgarbe'),
(63, 'khall4'),
(1045, 'kirby'),
(747, 'kjohnso7 mmowitz '),
(1135, 'kmaitra'),
(678, 'kmcenany'),
(808, 'kmin'),
(698, 'kmullert'),
(1293, 'kpeterso'),
(302, 'ksanft'),
(783, 'kshepard'),
(533, 'kstefani'),
(660, 'kyoung2'),
(1259, 'kzubko'),
(413, 'ladcock1'),
(1202, 'laughon'),
(114, 'lbond'),
(514, 'lbradsha'),
(509, 'lcornett'),
(510, 'lhewitt'),
(290, 'lholland'),
(813, 'lhorvitz'),
(1298, 'ljayne'),
(308, 'ljohnso8'),
(687, 'ljones3'),
(340, 'lkloeppe'),
(102, 'lkonz'),
(1276, 'lmangone'),
(988, 'lpruett'),
(109, 'lrundqui'),
(834, 'lrussell'),
(104, 'ltaylor'),
(849, 'ltinney'),
(459, 'lward'),
(1308, 'macevedo'),
(56, 'maiauch'),
(933, 'manns'),
(968, 'mbarnes'),
(797, 'mbarya'),
(437, 'mbettenc'),
(25, 'mburchar'),
(317, 'mcameron'),
(325, 'mcameron awhitley '),
(1296, 'mcebria'),
(863, 'mcmcclur'),
(328, 'mculbret'),
(895, 'meadows'),
(971, 'mgallowa'),
(958, 'mgibney'),
(900, 'mgouge'),
(212, 'mgreene3'),
(1209, 'mharvey'),
(668, 'mharvey1'),
(125, 'mhursty'),
(771, 'mhuseman'),
(754, 'mmahlin'),
(391, 'mmahoney'),
(761, 'mmcgee'),
(1362, 'mmcnair1'),
(1091, 'mneelon'),
(464, 'moorhead'),
(861, 'mrasche'),
(978, 'mrichmon'),
(171, 'mschultz'),
(1212, 'msmith'),
(942, 'mstratto'),
(1269, 'munderhi'),
(58, 'mwest'),
(66, 'mwolfe'),
(750, 'nrosenbe'),
(423, 'nruppert'),
(1363, 'nstein'),
(524, 'ogloag'),
(226, 'olove'),
(1361, 'orndorf'),
(1343, 'patch'),
(571, 'pbahls'),
(1084, 'pfoo'),
(1178, 'phaschke'),
(1093, 'pkusek'),
(228, 'psteed'),
(969, 'ptemplon'),
(1157, 'pwillis2'),
(1067, 'ralaimo'),
(878, 'rbeharry'),
(344, 'rberls'),
(342, 'rbowen'),
(748, 'rbruce'),
(422, 'rchapman'),
(745, 'rchess'),
(537, 'rcriser'),
(55, 'rdunning'),
(619, 'rgusain'),
(175, 'rhale'),
(456, 'rmazurek'),
(498, 'rmensahb'),
(631, 'rpayne'),
(1006, 'rshulman'),
(853, 'rspicuzz'),
(556, 'rstraub'),
(386, 'rtatum'),
(8, 'rturpen'),
(62, 'rtynes'),
(93, 'rtynes jmartin5 '),
(1147, 'ruiz'),
(973, 'salford2'),
(122, 'sbranso1'),
(645, 'scook1'),
(906, 'sdipalma'),
(760, 'sfrankli'),
(656, 'sgeronta'),
(90, 'sidelnic'),
(551, 'sjudson'),
(873, 'skaplan'),
(738, 'skapur'),
(64, 'slowrey'),
(542, 'smcguire'),
(293, 'smills'),
(922, 'smuntean'),
(686, 'snovak'),
(354, 'sobrien'),
(49, 'sortiz'),
(338, 'spierce1'),
(546, 'straboul'),
(737, 'surain'),
(990, 'svigilan'),
(353, 'swalters'),
(236, 'swasiles'),
(609, 'swillia8'),
(23, 'TBA'),
(53, 'tbeldue'),
(984, 'tdoyle'),
(587, 'tflaum'),
(189, 'tforrest'),
(451, 'thays'),
(1216, 'tlbrown'),
(178, 'tmeigs'),
(149, 'towen'),
(568, 'trizzo'),
(819, 'trobert2'),
(421, 'truffin'),
(397, 'ttatum1'),
(1103, 'vbradbur'),
(36, 'vfrank'),
(674, 'wbares'),
(814, 'wcash'),
(898, 'west'),
(855, 'whitlock'),
(1, 'wkoprows'),
(577, 'wrevere'),
(529, 'wstrehl'),
(1008, 'zpage');

-- --------------------------------------------------------

--
-- Table structure for table `instvscourse`
--

CREATE TABLE IF NOT EXISTS `instvscourse` (
  `idInstructors` int(11) NOT NULL,
  `crn` int(11) NOT NULL
) ENGINE=InnoDB DEFAULT CHARSET=utf8;

--
-- Dumping data for table `instvscourse`
--

INSERT INTO `instvscourse` (`idInstructors`, `crn`) VALUES
(1, 10002),
(0, 10003),
(1, 10004),
(1, 10005),
(5, 10006),
(847, 10007),
(847, 10008),
(849, 10011),
(849, 10012),
(849, 10013),
(849, 10014),
(853, 10015),
(853, 10016),
(855, 10017),
(855, 10018),
(855, 10019),
(855, 10020),
(859, 10021),
(859, 10022),
(861, 10023),
(861, 10024),
(863, 10025),
(863, 10026),
(865, 10027),
(865, 10028),
(865, 10029),
(865, 10030),
(874, 10031),
(874, 10032),
(874, 10033),
(874, 10034),
(1329, 10035),
(1329, 10036),
(872, 10037),
(872, 10038),
(1329, 10039),
(1329, 10040),
(873, 10041),
(878, 10042),
(874, 10043),
(847, 10044),
(872, 10045),
(872, 10046),
(855, 10047),
(855, 10048),
(1339, 10051),
(1339, 10052),
(853, 10053),
(853, 10054),
(1343, 10055),
(1343, 10056),
(1153, 10057),
(1153, 10058),
(1156, 10059),
(1156, 10060),
(1156, 10061),
(1157, 10062),
(1162, 10063),
(1162, 10064),
(1162, 10065),
(1165, 10066),
(1165, 10067),
(5, 10068),
(8, 10069),
(8, 10070),
(5, 10071),
(0, 10072),
(344, 10073),
(354, 10074),
(342, 10075),
(290, 10076),
(1084, 10078),
(1202, 10079),
(1084, 10080),
(1203, 10081),
(1203, 10082),
(1091, 10083),
(1206, 10084),
(1206, 10085),
(1206, 10086),
(1209, 10087),
(1209, 10088),
(1211, 10089),
(1212, 10091),
(1212, 10092),
(1084, 10093),
(1084, 10094),
(1218, 10095),
(1218, 10096),
(1218, 10097),
(1218, 10098),
(1091, 10099),
(1091, 10100),
(1091, 10101),
(1091, 10102),
(1236, 10104),
(1235, 10105),
(1236, 10107),
(1236, 10108),
(414, 10109),
(90, 10110),
(157, 10111),
(417, 10112),
(417, 10113),
(417, 10114),
(157, 10115),
(423, 10116),
(425, 10117),
(423, 10118),
(414, 10119),
(425, 10121),
(421, 10123),
(437, 10126),
(425, 10127),
(425, 10128),
(455, 10129),
(456, 10130),
(455, 10131),
(771, 10132),
(771, 10133),
(773, 10134),
(773, 10135),
(633, 10136),
(633, 10137),
(777, 10138),
(777, 10139),
(779, 10140),
(779, 10141),
(575, 10142),
(575, 10143),
(783, 10144),
(783, 10145),
(785, 10146),
(785, 10147),
(575, 10148),
(575, 10149),
(779, 10150),
(779, 10151),
(783, 10152),
(783, 10153),
(577, 10154),
(577, 10155),
(795, 10156),
(795, 10157),
(797, 10158),
(797, 10159),
(799, 10160),
(799, 10161),
(795, 10162),
(795, 10163),
(808, 10164),
(797, 10165),
(633, 10166),
(777, 10167),
(797, 10168),
(819, 10169),
(607, 10170),
(894, 10171),
(895, 10172),
(895, 10173),
(895, 10174),
(898, 10175),
(898, 10176),
(900, 10177),
(900, 10178),
(906, 10179),
(909, 10180),
(898, 10181),
(898, 10182),
(894, 10183),
(894, 10184),
(916, 10185),
(916, 10186),
(114, 10187),
(117, 10188),
(90, 10189),
(56, 10190),
(451, 10192),
(906, 10193),
(459, 10194),
(459, 10195),
(464, 10196),
(469, 10197),
(460, 10198),
(471, 10199),
(472, 10200),
(472, 10201),
(472, 10202),
(459, 10203),
(768, 10204),
(972, 10205),
(973, 10206),
(971, 10207),
(978, 10208),
(979, 10209),
(980, 10210),
(981, 10211),
(768, 10212),
(971, 10213),
(737, 10216),
(386, 10218),
(387, 10219),
(386, 10220),
(389, 10222),
(389, 10223),
(391, 10224),
(391, 10225),
(397, 10226),
(397, 10227),
(389, 10229),
(396, 10230),
(391, 10231),
(396, 10232),
(146, 10233),
(147, 10234),
(147, 10235),
(147, 10236),
(147, 10237),
(56, 10238),
(56, 10239),
(58, 10240),
(58, 10241),
(58, 10242),
(58, 10243),
(62, 10244),
(64, 10245),
(62, 10246),
(66, 10247),
(67, 10248),
(55, 10249),
(69, 10250),
(53, 10251),
(53, 10252),
(63, 10253),
(63, 10254),
(66, 10255),
(66, 10256),
(67, 10257),
(78, 10258),
(55, 10259),
(55, 10260),
(69, 10261),
(54, 10262),
(53, 10263),
(63, 10264),
(66, 10265),
(78, 10266),
(55, 10267),
(54, 10268),
(94, 10269),
(94, 10270),
(94, 10273),
(94, 10274),
(94, 10277),
(94, 10278),
(101, 10281),
(102, 10282),
(104, 10283),
(460, 10284),
(53, 10285),
(54, 10287),
(437, 10289),
(1302, 10290),
(1302, 10291),
(222, 10294),
(222, 10295),
(226, 10296),
(228, 10297),
(228, 10298),
(222, 10299),
(226, 10300),
(236, 10301),
(236, 10302),
(240, 10303),
(242, 10304),
(226, 10305),
(245, 10306),
(226, 10307),
(240, 10308),
(258, 10309),
(263, 10310),
(267, 10311),
(226, 10312),
(267, 10313),
(267, 10314),
(267, 10315),
(21, 10317),
(1361, 10318),
(1362, 10319),
(687, 10321),
(692, 10322),
(701, 10323),
(701, 10324),
(701, 10326),
(719, 10327),
(434, 10329),
(240, 10330),
(701, 10331),
(557, 10332),
(557, 10333),
(575, 10334),
(575, 10335),
(577, 10336),
(577, 10337),
(292, 10338),
(292, 10339),
(581, 10340),
(581, 10341),
(293, 10342),
(293, 10343),
(222, 10344),
(222, 10345),
(587, 10346),
(587, 10347),
(589, 10348),
(589, 10349),
(589, 10350),
(589, 10351),
(593, 10352),
(593, 10353),
(631, 10355),
(631, 10356),
(609, 10357),
(609, 10358),
(611, 10359),
(611, 10360),
(611, 10361),
(611, 10362),
(615, 10363),
(615, 10364),
(619, 10365),
(619, 10366),
(619, 10367),
(619, 10368),
(116, 10369),
(116, 10370),
(116, 10371),
(116, 10372),
(607, 10373),
(607, 10374),
(627, 10375),
(627, 10376),
(615, 10377),
(615, 10378),
(633, 10379),
(633, 10380),
(635, 10381),
(635, 10382),
(543, 10383),
(543, 10384),
(641, 10385),
(641, 10386),
(23, 10387),
(23, 10388),
(643, 10389),
(643, 10390),
(645, 10391),
(645, 10392),
(619, 10395),
(619, 10396),
(116, 10397),
(655, 10398),
(551, 10405),
(551, 10406),
(668, 10407),
(668, 10408),
(353, 10409),
(353, 10410),
(121, 10411),
(121, 10412),
(674, 10413),
(674, 10414),
(581, 10415),
(581, 10416),
(678, 10417),
(27, 10419),
(301, 10420),
(302, 10421),
(304, 10422),
(306, 10423),
(307, 10424),
(308, 10425),
(308, 10426),
(28, 10429),
(28, 10430),
(34, 10431),
(34, 10432),
(49, 10433),
(49, 10434),
(49, 10435),
(1269, 10436),
(1269, 10437),
(36, 10438),
(36, 10439),
(38, 10440),
(38, 10441),
(510, 10443),
(510, 10444),
(49, 10445),
(651, 10446),
(651, 10447),
(1135, 10448),
(1135, 10449),
(1176, 10450),
(1177, 10451),
(1178, 10452),
(1178, 10453),
(1177, 10454),
(512, 10456),
(512, 10457),
(514, 10458),
(514, 10459),
(514, 10460),
(514, 10461),
(516, 10462),
(516, 10463),
(1296, 10464),
(1296, 10465),
(1298, 10466),
(1298, 10467),
(1298, 10468),
(1298, 10469),
(1302, 10470),
(1302, 10471),
(767, 10472),
(767, 10473),
(767, 10474),
(767, 10475),
(1308, 10476),
(1308, 10477),
(193, 10478),
(193, 10479),
(189, 10480),
(104, 10483),
(366, 10486),
(366, 10487),
(773, 10489),
(811, 10490),
(469, 10493),
(469, 10494),
(737, 10495),
(738, 10496),
(338, 10498),
(338, 10499),
(317, 10500),
(226, 10504),
(292, 10505),
(1093, 10507),
(1093, 10508),
(125, 10509),
(125, 10510),
(1103, 10513),
(1103, 10514),
(1095, 10515),
(1095, 10516),
(1093, 10517),
(1093, 10518),
(1095, 10520),
(1095, 10521),
(688, 10522),
(688, 10523),
(124, 10525),
(124, 10526),
(124, 10527),
(124, 10528),
(344, 10529),
(344, 10530),
(344, 10531),
(344, 10532),
(813, 10533),
(811, 10534),
(785, 10535),
(1308, 10537),
(1308, 10538),
(460, 10539),
(845, 10540),
(845, 10541),
(795, 10542),
(795, 10543),
(1095, 10544),
(1095, 10545),
(422, 10546),
(768, 10547),
(1157, 10548),
(1157, 10549),
(414, 10550),
(157, 10551),
(434, 10552),
(645, 10553),
(987, 10556),
(988, 10557),
(969, 10558),
(990, 10559),
(973, 10560),
(968, 10561),
(993, 10562),
(971, 10563),
(979, 10564),
(978, 10565),
(997, 10566),
(23, 10567),
(23, 10568),
(23, 10569),
(968, 10570),
(971, 10571),
(988, 10572),
(972, 10573),
(1006, 10574),
(973, 10575),
(984, 10576),
(969, 10577),
(990, 10578),
(1008, 10579),
(968, 10580),
(972, 10581),
(674, 10582),
(979, 10583),
(969, 10584),
(1008, 10585),
(990, 10586),
(997, 10587),
(990, 10590),
(993, 10591),
(988, 10592),
(1008, 10593),
(969, 10594),
(987, 10595),
(990, 10596),
(981, 10601),
(990, 10602),
(1006, 10603),
(1072, 10604),
(1013, 10605),
(978, 10606),
(1269, 10608),
(1293, 10609),
(641, 10613),
(895, 10614),
(895, 10615),
(909, 10616),
(688, 10617),
(466, 10621),
(63, 10624),
(66, 10625),
(38, 10626),
(36, 10628),
(38, 10629),
(36, 10631),
(939, 10632),
(937, 10633),
(933, 10634),
(934, 10635),
(934, 10636),
(928, 10637),
(928, 10638),
(926, 10639),
(926, 10640),
(922, 10641),
(922, 10642),
(918, 10643),
(918, 10644),
(918, 10645),
(918, 10646),
(537, 10647),
(948, 10648),
(947, 10649),
(939, 10650),
(1206, 10651),
(302, 10652),
(328, 10654),
(742, 10655),
(968, 10656),
(969, 10657),
(970, 10658),
(971, 10659),
(441, 10660),
(245, 10661),
(90, 10662),
(441, 10663),
(441, 10664),
(737, 10666),
(571, 10668),
(147, 10670),
(147, 10671),
(593, 10672),
(593, 10673),
(597, 10674),
(597, 10675),
(933, 10676),
(38, 10677),
(687, 10679),
(678, 10681),
(678, 10682),
(413, 10685),
(434, 10686),
(422, 10687),
(422, 10688),
(550, 10689),
(668, 10690),
(900, 10696),
(551, 10699),
(550, 10700),
(550, 10701),
(353, 10702),
(344, 10705),
(742, 10706),
(553, 10707),
(459, 10708),
(747, 10709),
(23, 10711),
(23, 10714),
(551, 10715),
(510, 10716),
(23, 10718),
(1227, 10719),
(471, 10722),
(481, 10723),
(396, 10724),
(342, 10725),
(771, 10726),
(28, 10727),
(28, 10728),
(699, 10729),
(117, 10730),
(23, 10732),
(754, 10733),
(754, 10734),
(754, 10735),
(754, 10736),
(699, 10737),
(942, 10738),
(325, 10739),
(325, 10740),
(754, 10741),
(971, 10742),
(754, 10743),
(768, 10744),
(134, 10746),
(553, 10748),
(984, 10749),
(971, 10750),
(863, 10753),
(863, 10754),
(847, 10755),
(872, 10756),
(873, 10762),
(148, 10766),
(149, 10767),
(147, 10768),
(151, 10769),
(147, 10771),
(146, 10773),
(148, 10774),
(151, 10775),
(148, 10776),
(148, 10777),
(146, 10778),
(1147, 10779),
(1147, 10780),
(1147, 10781),
(1147, 10782),
(1147, 10784),
(1147, 10786),
(1153, 10788),
(1051, 10793),
(1051, 10794),
(1051, 10795),
(1165, 10797),
(134, 10798),
(340, 10802),
(342, 10803),
(342, 10804),
(353, 10805),
(124, 10808),
(344, 10810),
(342, 10811),
(342, 10812),
(1099, 10813),
(1100, 10814),
(1093, 10815),
(1093, 10816),
(1100, 10817),
(1100, 10818),
(1103, 10819),
(1103, 10820),
(581, 10826),
(1259, 10828),
(413, 10829),
(422, 10830),
(916, 10834),
(906, 10835),
(916, 10836),
(916, 10837),
(36, 10838),
(36, 10839),
(36, 10840),
(36, 10841),
(36, 10848),
(36, 10849),
(1276, 10851),
(49, 10852),
(458, 10854),
(455, 10858),
(455, 10859),
(472, 10860),
(466, 10866),
(466, 10867),
(464, 10868),
(464, 10869),
(317, 10873),
(302, 10874),
(306, 10876),
(304, 10879),
(688, 10880),
(694, 10881),
(694, 10882),
(694, 10883),
(687, 10884),
(699, 10885),
(699, 10886),
(699, 10888),
(686, 10889),
(692, 10890),
(694, 10891),
(434, 10893),
(434, 10894),
(701, 10897),
(23, 10898),
(23, 10899),
(23, 10900),
(23, 10901),
(329, 10902),
(328, 10903),
(36, 10904),
(36, 10905),
(36, 10906),
(36, 10907),
(542, 10912),
(553, 10914),
(104, 10917),
(104, 10918),
(104, 10919),
(104, 10920),
(109, 10923),
(101, 10924),
(101, 10927),
(109, 10928),
(509, 10929),
(1177, 10934),
(129, 10936),
(129, 10937),
(581, 10938),
(738, 10940),
(245, 10941),
(516, 10944),
(516, 10945),
(512, 10946),
(512, 10947),
(524, 10948),
(529, 10950),
(529, 10951),
(531, 10952),
(531, 10953),
(533, 10954),
(533, 10955),
(537, 10956),
(531, 10957),
(22, 10959),
(25, 10960),
(25, 10961),
(609, 10962),
(469, 10964),
(641, 10966),
(1135, 10967),
(386, 10970),
(396, 10971),
(386, 10972),
(387, 10973),
(404, 10974),
(5, 10975),
(404, 10976),
(391, 10977),
(1, 10979),
(922, 10981),
(918, 10982),
(933, 10983),
(939, 10984),
(926, 10985),
(945, 10986),
(949, 10988),
(116, 10989),
(121, 10990),
(122, 10992),
(122, 10993),
(293, 10995),
(771, 11001),
(813, 11003),
(511, 11005),
(186, 11008),
(186, 11009),
(186, 11010),
(189, 11011),
(179, 11012),
(179, 11013),
(179, 11014),
(193, 11017),
(193, 11018),
(193, 11019),
(199, 11020),
(199, 11021),
(199, 11022),
(175, 11023),
(175, 11024),
(202, 11026),
(202, 11027),
(212, 11028),
(212, 11029),
(212, 11030),
(581, 11031),
(581, 11032),
(116, 11039),
(1216, 11040),
(645, 11041),
(1216, 11042),
(1227, 11043),
(1227, 11044),
(1202, 11045),
(1212, 11047),
(1091, 11048),
(768, 11049),
(978, 11050),
(779, 11052),
(972, 11055),
(972, 11056),
(1019, 11057),
(984, 11060),
(1019, 11064),
(1019, 11065),
(1019, 11066),
(980, 11067),
(984, 11068),
(23, 11070),
(0, 11074),
(67, 11079),
(511, 11082),
(290, 11083),
(1051, 11086),
(1052, 11087),
(1052, 11088),
(1051, 11089),
(1067, 11090),
(1067, 11091),
(366, 11094),
(366, 11097),
(366, 11099),
(366, 11100),
(366, 11101),
(366, 11103),
(366, 11105),
(366, 11106),
(366, 11107),
(366, 11108),
(366, 11109),
(366, 11110),
(366, 11113),
(366, 11118),
(366, 11119),
(366, 11120),
(900, 11121),
(900, 11122),
(909, 11123),
(760, 11127),
(413, 11130),
(301, 11131),
(980, 11132),
(980, 11133),
(768, 11137),
(189, 11139),
(157, 11147),
(761, 11148),
(1051, 11150),
(366, 11151),
(1100, 11159),
(304, 11161),
(34, 11168),
(533, 11170),
(533, 11171),
(69, 11173),
(925, 11174),
(67, 11184),
(245, 11187),
(226, 11188),
(245, 11189),
(1103, 11197),
(1100, 11198),
(463, 11211),
(27, 11212),
(516, 11227),
(23, 11235),
(423, 11238),
(479, 11250),
(571, 11286),
(980, 11288),
(23, 11299),
(455, 11304),
(1177, 11313),
(1363, 11314),
(328, 11315),
(328, 11316),
(329, 11317),
(331, 11318),
(331, 11319),
(331, 11320),
(104, 11321),
(293, 11322),
(748, 11325),
(748, 11326),
(750, 11327),
(748, 11328),
(750, 11329),
(571, 11330),
(863, 11331),
(873, 11332),
(859, 11333),
(865, 11334),
(1343, 11335),
(1329, 11336),
(294, 11337),
(292, 11338),
(125, 11339),
(125, 11340),
(631, 11342),
(1259, 11343),
(1260, 11344),
(546, 11345),
(340, 11346),
(353, 11349),
(114, 11351),
(1140, 11352),
(641, 11353),
(25, 11354),
(25, 11355),
(55, 11356),
(54, 11357),
(90, 11358),
(102, 11359),
(808, 11360),
(811, 11361),
(808, 11362),
(511, 11363),
(834, 11364),
(773, 11365),
(607, 11366),
(633, 11367),
(980, 11368),
(674, 11369),
(542, 11370),
(542, 11371),
(543, 11372),
(543, 11373),
(546, 11374),
(546, 11375),
(551, 11376),
(548, 11378),
(557, 11379),
(546, 11380),
(550, 11381),
(546, 11382),
(1103, 11383),
(1100, 11384),
(548, 11385),
(548, 11386),
(147, 11387),
(154, 11388),
(151, 11389),
(157, 11390),
(146, 11391),
(151, 11392),
(464, 11393),
(473, 11394),
(458, 11395),
(458, 11396),
(479, 11401),
(121, 11402),
(472, 11403),
(471, 11404),
(471, 11405),
(498, 11406),
(498, 11407),
(133, 11408),
(134, 11409),
(134, 11410),
(136, 11411),
(136, 11412),
(136, 11413),
(136, 11414),
(133, 11416),
(1165, 11417),
(486, 11418),
(486, 11419),
(310, 11421),
(310, 11422),
(306, 11423),
(306, 11424),
(306, 11425),
(310, 11426),
(23, 11427),
(524, 11428),
(531, 11429),
(1296, 11430),
(1296, 11431),
(437, 11432),
(437, 11433),
(1296, 11434),
(742, 11435),
(437, 11436),
(1178, 11438),
(958, 11439),
(1176, 11440),
(1176, 11441),
(27, 11443),
(509, 11445),
(958, 11446),
(1178, 11447),
(1178, 11448),
(1099, 11449),
(1099, 11450),
(421, 11451),
(340, 11453),
(423, 11454),
(423, 11455),
(1216, 11456),
(1203, 11457),
(1203, 11458),
(1216, 11459),
(1235, 11460),
(1236, 11461),
(686, 11462),
(698, 11463),
(434, 11464),
(699, 11466),
(434, 11467),
(387, 11468),
(389, 11469),
(401, 11470),
(403, 11471),
(114, 11472),
(122, 11473),
(122, 11474),
(124, 11475),
(125, 11476),
(69, 11477),
(78, 11478),
(957, 11479),
(8, 11480),
(8, 11481),
(918, 11483),
(926, 11484),
(942, 11485),
(942, 11486),
(939, 11487),
(571, 11488),
(745, 11489),
(344, 11490),
(524, 11491),
(619, 11492),
(216, 11493),
(23, 11494),
(23, 11496),
(22, 11497),
(129, 11498),
(738, 11499),
(742, 11500),
(1084, 11501),
(1084, 11502),
(216, 11503),
(216, 11504),
(216, 11505),
(170, 11506),
(171, 11507),
(170, 11508),
(170, 11509),
(170, 11510),
(175, 11511),
(175, 11512),
(177, 11513),
(178, 11514),
(179, 11515),
(177, 11516),
(177, 11517),
(171, 11518),
(177, 11519),
(171, 11520),
(171, 11521),
(972, 11522),
(263, 11523),
(260, 11524),
(260, 11525),
(228, 11526),
(228, 11527),
(242, 11528),
(236, 11529),
(263, 11530),
(267, 11531),
(245, 11533),
(245, 11534),
(275, 11535),
(275, 11536),
(38, 11537),
(38, 11538),
(38, 11539),
(34, 11540),
(34, 11541),
(36, 11542),
(510, 11543),
(387, 11544),
(745, 11545),
(194, 11546),
(194, 11547),
(202, 11548),
(202, 11549),
(194, 11550),
(1045, 11551),
(216, 11552),
(997, 11555),
(1013, 11556),
(981, 11557),
(1015, 11558),
(984, 11559),
(979, 11560),
(978, 11561),
(972, 11562),
(969, 11563),
(978, 11564),
(971, 11565),
(978, 11566),
(553, 11567),
(553, 11568),
(548, 11569),
(548, 11570),
(366, 11571),
(674, 11572),
(767, 11573),
(104, 11574),
(27, 11575),
(883, 11576),
(883, 11577),
(883, 11578),
(366, 11581),
(366, 11582),
(366, 11583),
(366, 11584),
(1366, 11585),
(651, 11586),
(651, 11587),
(304, 11588),
(0, 11589),
(0, 11590),
(738, 11591),
(1093, 11592),
(421, 11596),
(464, 11597),
(177, 11598),
(767, 11600),
(978, 11601),
(216, 11602),
(260, 11604),
(1227, 11605),
(643, 11606),
(643, 11607),
(1045, 11608),
(641, 11609),
(134, 11610),
(779, 11611),
(779, 11612),
(23, 11613),
(900, 11614),
(553, 11615),
(768, 11616),
(656, 11617),
(656, 11618),
(656, 11619),
(656, 11620),
(464, 11621),
(466, 11622),
(1093, 11623),
(301, 11624),
(459, 11625),
(524, 11626),
(699, 11628),
(692, 11629),
(366, 11630),
(310, 11631),
(177, 11632),
(779, 11633),
(557, 11634),
(557, 11635),
(0, 11636),
(553, 11637),
(509, 11638),
(597, 11639),
(0, 11640),
(813, 11646),
(972, 11654),
(973, 11655),
(194, 11656),
(22, 11657),
(568, 11658),
(568, 11659),
(568, 11660),
(568, 11661),
(199, 11662),
(425, 11664),
(90, 11665),
(597, 11666),
(865, 11667),
(290, 11668),
(668, 11669),
(202, 11670),
(571, 11671),
(1202, 11672),
(1020, 11673),
(340, 11674),
(340, 11675),
(847, 11676),
(556, 11677),
(267, 11678),
(451, 11679),
(267, 11680),
(1095, 11681),
(1095, 11682),
(240, 11683),
(933, 11684),
(1051, 11685),
(34, 11686),
(660, 11687),
(660, 11688),
(981, 11689),
(34, 11690),
(692, 11691),
(293, 11692),
(692, 11693),
(466, 11694),
(688, 11695),
(1209, 11696),
(814, 11697),
(551, 11698),
(509, 11699),
(524, 11700),
(186, 11701),
(1162, 11702),
(510, 11703),
(958, 11704),
(898, 11705),
(1202, 11706),
(568, 11707),
(486, 11708),
(331, 11710),
(916, 11711),
(1293, 11712),
(1176, 11713),
(1216, 11714),
(1216, 11715),
(922, 11716),
(93, 11717),
(1157, 11718),
(900, 11719),
(1100, 11720),
(1269, 11721),
(980, 11722),
(396, 11723),
(0, 11724),
(22, 11725),
(692, 11726),
(865, 11728),
(1202, 11729),
(1202, 11730),
(1202, 11731),
(1202, 11732),
(1259, 11733),
(971, 11734),
(978, 11735),
(984, 11736),
(511, 11738),
(529, 11739),
(1216, 11740),
(1095, 11741),
(1095, 11742),
(687, 11743),
(27, 11744),
(353, 11745),
(958, 11746),
(971, 11747),
(865, 11748),
(694, 11749),
(121, 11750),
(0, 11752),
(396, 11753),
(471, 11754),
(22, 11755),
(939, 11756),
(597, 11757),
(1202, 11758),
(472, 11760),
(550, 11761),
(777, 11762),
(688, 11763),
(511, 11764),
(699, 11765),
(597, 11766),
(933, 11767),
(36, 11768),
(1095, 11769),
(455, 11770);

--
-- Indexes for dumped tables
--

--
-- Indexes for table `courseinfo`
--
ALTER TABLE `courseinfo`
 ADD PRIMARY KEY (`crn`,`idCourse`,`idDepartments`), ADD UNIQUE KEY `idCourse_UNIQUE` (`idCourse`), ADD KEY `idDepFK_idx` (`idDepartments`);

--
-- Indexes for table `departments`
--
ALTER TABLE `departments`
 ADD PRIMARY KEY (`idDepartments`), ADD UNIQUE KEY `idDepartments_UNIQUE` (`idDepartments`), ADD UNIQUE KEY `nameDepartments_UNIQUE` (`nameDepartments`);

--
-- Indexes for table `instructors`
--
ALTER TABLE `instructors`
 ADD PRIMARY KEY (`idInstructors`), ADD UNIQUE KEY `idInstructors_UNIQUE` (`idInstructors`), ADD UNIQUE KEY `nameInstructors_UNIQUE` (`nameInstructors`);

--
-- Indexes for table `instvscourse`
--
ALTER TABLE `instvscourse`
 ADD PRIMARY KEY (`idInstructors`,`crn`), ADD KEY `crnFK_idx` (`crn`);

--
-- AUTO_INCREMENT for dumped tables
--

--
-- AUTO_INCREMENT for table `departments`
--
ALTER TABLE `departments`
MODIFY `idDepartments` int(11) NOT NULL AUTO_INCREMENT,AUTO_INCREMENT=1368;
--
-- Constraints for dumped tables
--

--
-- Constraints for table `courseinfo`
--
ALTER TABLE `courseinfo`
ADD CONSTRAINT `idDepFK` FOREIGN KEY (`idDepartments`) REFERENCES `departments` (`idDepartments`) ON DELETE NO ACTION ON UPDATE NO ACTION;

--
-- Constraints for table `instvscourse`
--
ALTER TABLE `instvscourse`
ADD CONSTRAINT `crnFK` FOREIGN KEY (`crn`) REFERENCES `courseinfo` (`crn`) ON DELETE NO ACTION ON UPDATE NO ACTION,
ADD CONSTRAINT `idInstFK` FOREIGN KEY (`idInstructors`) REFERENCES `instructors` (`idInstructors`) ON DELETE NO ACTION ON UPDATE NO ACTION;

/*!40101 SET CHARACTER_SET_CLIENT=@OLD_CHARACTER_SET_CLIENT */;
/*!40101 SET CHARACTER_SET_RESULTS=@OLD_CHARACTER_SET_RESULTS */;
/*!40101 SET COLLATION_CONNECTION=@OLD_COLLATION_CONNECTION */;
